pair,entry_z,exit_z,hedge_window,pnl,sharpe
CHADS_STOCKS|CUTHS_STOCKS,1.5,0.5,200,2328.0,-35.941631256457576
CASTLE_STOCKS|CHADS_STOCKS,1.5,0.7,100,1722.0,5.676119595376363
COLLINGWOOD_STOCKS|JOHNS_STOCKS,1.5,0.3,100,1490.0,-13.127202778216388
CASTLE_STOCKS|JOHNS_STOCKS,2.0,0.7,100,2051.0,45.951596427976156
CASTLE_STOCKS|CUTHS_STOCKS,1.5,0.3,200,1052.0,-4.337913957563002
CASTLE_STOCKS|COLLINGWOOD_STOCKS,1.5,0.3,100,1081.0,38.09217977549603
CHADS_STOCKS|JOHNS_STOCKS,1.5,0.7,200,1791.0,-0.9933730736459535
COLLINGWOOD_STOCKS|HATFIELD_STOCKS,1.5,0.7,300,571.0,34.71225910513876
CASTLE_STOCKS|HATFIELD_STOCKS,1.5,0.5,300,951.0,31.934767112312795
COLLINGWOOD_STOCKS|CUTHS_STOCKS,1.5,0.7,200,647.0,15.674969202614612
