bid_price_1,bid_volume_1,ask_price_1,ask_volume_1,product,timestamp
796,0,797,1,Call,0
796,2,797,1,Put,0
10000,0,10001,2,Underlying,0
743,0,744,0,Call,100
843,0,844,2,Put,100
9900,2,9901,2,Underlying,100
743,0,744,1,Call,200
845,0,846,1,Put,200
9899,1,9900,0,Underlying,200
789,0,790,2,Call,300
801,1,802,2,Put,300
9987,0,9988,0,Underlying,300
774,1,775,0,Call,400
816,0,817,0,Put,400
9957,2,9958,2,Underlying,400
716,0,717,1,Call,500
873,1,874,1,Put,500
9841,2,9842,2,Underlying,500
730,2,731,0,Call,600
855,0,856,0,Put,600
9878,0,9879,0,Underlying,600
758,2,759,2,Call,700
830,2,831,2,Put,700
9926,0,9927,1,Underlying,700
759,0,760,0,Call,800
828,2,829,2,Put,800
9929,0,9930,0,Underlying,800
792,0,793,2,Call,900
800,0,801,1,Put,900
9993,0,9994,0,Underlying,900
826,1,827,0,Call,1000
773,0,774,0,Put,1000
10050,2,10051,0,Underlying,1000
834,0,835,2,Call,1100
764,0,765,0,Put,1100
10068,0,10069,2,Underlying,1100
824,0,825,2,Call,1200
772,2,773,0,Put,1200
10055,2,10056,0,Underlying,1200
808,1,809,1,Call,1300
784,1,785,2,Put,1300
10029,0,10030,0,Underlying,1300
798,0,799,1,Call,1400
793,2,794,0,Put,1400
10004,0,10005,2,Underlying,1400
740,2,741,2,Call,1500
847,1,848,1,Put,1500
9894,0,9895,2,Underlying,1500
746,1,747,1,Call,1600
842,0,843,1,Put,1600
9904,2,9905,2,Underlying,1600
737,2,738,1,Call,1700
849,2,850,2,Put,1700
9887,0,9888,0,Underlying,1700
768,0,769,1,Call,1800
817,1,818,2,Put,1800
9956,2,9957,1,Underlying,1800
844,2,845,1,Call,1900
755,1,756,0,Put,1900
10086,2,10087,1,Underlying,1900
830,0,831,1,Call,2000
767,1,768,1,Put,2000
10064,2,10065,0,Underlying,2000
864,0,865,0,Call,2100
740,2,741,0,Put,2100
10121,2,10122,0,Underlying,2100
887,1,888,1,Call,2200
724,0,725,2,Put,2200
10163,2,10164,0,Underlying,2200
824,0,825,2,Call,2300
770,2,771,2,Put,2300
10049,0,10050,0,Underlying,2300
870,2,871,1,Call,2400
735,1,736,0,Put,2400
10134,1,10135,2,Underlying,2400
859,2,860,2,Call,2500
746,2,747,0,Put,2500
10113,0,10114,2,Underlying,2500
900,1,901,2,Call,2600
715,1,716,1,Put,2600
10186,1,10187,1,Underlying,2600
897,0,898,2,Call,2700
717,0,718,1,Put,2700
10180,1,10181,0,Underlying,2700
890,2,891,0,Call,2800
721,2,722,2,Put,2800
10168,0,10169,2,Underlying,2800
887,1,888,0,Call,2900
722,0,723,0,Put,2900
10164,1,10165,1,Underlying,2900
865,2,866,2,Call,3000
741,0,742,2,Put,3000
10124,2,10125,1,Underlying,3000
892,2,893,2,Call,3100
720,0,721,2,Put,3100
10170,1,10171,2,Underlying,3100
948,0,949,0,Call,3200
679,2,680,0,Put,3200
10274,0,10275,0,Underlying,3200
983,1,984,2,Call,3300
654,1,655,0,Put,3300
10332,2,10333,1,Underlying,3300
965,1,966,2,Call,3400
671,0,672,0,Put,3400
10297,2,10298,2,Underlying,3400
949,1,950,1,Call,3500
678,0,679,2,Put,3500
10268,2,10269,0,Underlying,3500
943,0,944,2,Call,3600
683,1,684,0,Put,3600
10261,2,10262,0,Underlying,3600
937,0,938,2,Call,3700
687,0,688,0,Put,3700
10248,2,10249,0,Underlying,3700
947,0,948,0,Call,3800
680,2,681,2,Put,3800
10268,2,10269,1,Underlying,3800
942,1,943,1,Call,3900
684,2,685,1,Put,3900
10257,1,10258,1,Underlying,3900
892,1,893,1,Call,4000
719,2,720,2,Put,4000
10173,1,10174,0,Underlying,4000
853,1,854,1,Call,4100
747,1,748,2,Put,4100
10102,2,10103,2,Underlying,4100
812,1,813,0,Call,4200
781,1,782,0,Put,4200
10028,2,10029,1,Underlying,4200
845,1,846,2,Call,4300
758,1,759,1,Put,4300
10083,0,10084,2,Underlying,4300
869,0,870,2,Call,4400
739,2,740,2,Put,4400
10131,0,10132,2,Underlying,4400
872,2,873,1,Call,4500
735,1,736,0,Put,4500
10137,0,10138,2,Underlying,4500
865,1,866,1,Call,4600
739,0,740,0,Put,4600
10126,0,10127,0,Underlying,4600
823,2,824,2,Call,4700
777,1,778,2,Put,4700
10045,2,10046,2,Underlying,4700
783,1,784,0,Call,4800
804,0,805,2,Put,4800
9975,1,9976,0,Underlying,4800
802,0,803,1,Call,4900
792,1,793,1,Put,4900
10011,1,10012,1,Underlying,4900
801,0,802,1,Call,5000
791,2,792,1,Put,5000
10009,1,10010,0,Underlying,5000
776,2,777,0,Call,5100
810,0,811,0,Put,5100
9964,2,9965,1,Underlying,5100
748,1,749,2,Call,5200
835,1,836,2,Put,5200
9914,1,9915,1,Underlying,5200
730,1,731,1,Call,5300
851,2,852,0,Put,5300
9882,0,9883,2,Underlying,5300
737,1,738,1,Call,5400
846,0,847,2,Put,5400
9893,1,9894,2,Underlying,5400
720,2,721,1,Call,5500
863,0,864,1,Put,5500
9857,0,9858,0,Underlying,5500
708,2,709,2,Call,5600
876,0,877,2,Put,5600
9831,0,9832,2,Underlying,5600
707,1,708,1,Call,5700
874,1,875,0,Put,5700
9836,0,9837,0,Underlying,5700
713,0,714,0,Call,5800
870,1,871,0,Put,5800
9843,2,9844,2,Underlying,5800
699,1,700,2,Call,5900
886,0,887,2,Put,5900
9811,2,9812,0,Underlying,5900
665,0,666,2,Call,6000
916,0,917,2,Put,6000
9747,2,9748,0,Underlying,6000
729,1,730,2,Call,6100
857,2,858,0,Put,6100
9872,0,9873,1,Underlying,6100
715,0,716,2,Call,6200
866,2,867,2,Put,6200
9845,0,9846,2,Underlying,6200
738,0,739,0,Call,6300
845,1,846,2,Put,6300
9888,0,9889,1,Underlying,6300
673,2,674,2,Call,6400
907,1,908,1,Put,6400
9762,2,9763,2,Underlying,6400
667,1,668,1,Call,6500
918,1,919,2,Put,6500
9749,0,9750,1,Underlying,6500
682,0,683,1,Call,6600
902,2,903,0,Put,6600
9779,1,9780,2,Underlying,6600
654,2,655,0,Call,6700
930,0,931,1,Put,6700
9722,2,9723,2,Underlying,6700
707,0,708,1,Call,6800
875,1,876,0,Put,6800
9835,1,9836,1,Underlying,6800
672,2,673,2,Call,6900
914,1,915,1,Put,6900
9758,0,9759,2,Underlying,6900
707,1,708,1,Call,7000
873,1,874,0,Put,7000
9833,1,9834,0,Underlying,7000
751,0,752,2,Call,7100
837,0,838,0,Put,7100
9914,0,9915,0,Underlying,7100
759,0,760,2,Call,7200
823,2,824,0,Put,7200
9935,2,9936,2,Underlying,7200
825,2,826,0,Call,7300
770,2,771,1,Put,7300
10054,2,10055,2,Underlying,7300
822,0,823,2,Call,7400
775,2,776,2,Put,7400
10047,2,10048,2,Underlying,7400
830,1,831,0,Call,7500
765,0,766,1,Put,7500
10063,1,10064,1,Underlying,7500
849,2,850,2,Call,7600
751,1,752,0,Put,7600
10094,0,10095,1,Underlying,7600
856,2,857,1,Call,7700
748,1,749,2,Put,7700
10109,2,10110,0,Underlying,7700
856,0,857,1,Call,7800
746,2,747,0,Put,7800
10110,1,10111,1,Underlying,7800
848,0,849,1,Call,7900
752,2,753,1,Put,7900
10101,0,10102,2,Underlying,7900
907,1,908,1,Call,8000
708,2,709,0,Put,8000
10199,0,10200,1,Underlying,8000
965,1,966,0,Call,8100
662,2,663,0,Put,8100
10300,0,10301,0,Underlying,8100
1035,2,1036,1,Call,8200
621,1,622,0,Put,8200
10415,2,10416,0,Underlying,8200
1036,0,1037,1,Call,8300
622,2,623,2,Put,8300
10412,2,10413,2,Underlying,8300
1028,1,1029,2,Call,8400
627,0,628,0,Put,8400
10401,2,10402,0,Underlying,8400
1080,0,1081,0,Call,8500
595,0,596,1,Put,8500
10485,0,10486,1,Underlying,8500
1109,0,1110,1,Call,8600
579,0,580,2,Put,8600
10532,0,10533,2,Underlying,8600
1110,2,1111,0,Call,8700
577,2,578,2,Put,8700
10528,0,10529,1,Underlying,8700
1107,2,1108,0,Call,8800
578,1,579,2,Put,8800
10527,0,10528,2,Underlying,8800
1134,0,1135,2,Call,8900
565,0,566,0,Put,8900
10568,1,10569,1,Underlying,8900
1046,0,1047,2,Call,9000
616,1,617,0,Put,9000
10428,2,10429,0,Underlying,9000
1064,2,1065,1,Call,9100
602,0,603,2,Put,9100
10455,1,10456,1,Underlying,9100
1034,0,1035,1,Call,9200
622,1,623,1,Put,9200
10410,1,10411,2,Underlying,9200
1053,2,1054,2,Call,9300
614,0,615,1,Put,9300
10436,2,10437,0,Underlying,9300
1095,2,1096,1,Call,9400
584,2,585,2,Put,9400
10507,2,10508,1,Underlying,9400
1139,0,1140,2,Call,9500
563,0,564,0,Put,9500
10576,1,10577,1,Underlying,9500
1204,0,1205,0,Call,9600
528,1,529,0,Put,9600
10677,2,10678,0,Underlying,9600
1257,0,1258,1,Call,9700
503,2,504,2,Put,9700
10755,2,10756,0,Underlying,9700
1278,2,1279,2,Call,9800
489,2,490,0,Put,9800
10785,0,10786,0,Underlying,9800
1269,0,1270,0,Call,9900
498,2,499,2,Put,9900
10772,1,10773,0,Underlying,9900
1400,0,1401,1,Call,10000
441,1,442,0,Put,10000
10961,1,10962,1,Underlying,10000
1400,1,1401,2,Call,10100
439,0,440,1,Put,10100
10960,1,10961,1,Underlying,10100
1365,2,1366,2,Call,10200
455,2,456,0,Put,10200
10909,2,10910,0,Underlying,10200
1315,2,1316,0,Call,10300
476,1,477,1,Put,10300
10838,1,10839,0,Underlying,10300
1307,1,1308,0,Call,10400
479,0,480,1,Put,10400
10829,2,10830,1,Underlying,10400
1290,1,1291,1,Call,10500
487,0,488,2,Put,10500
10804,1,10805,2,Underlying,10500
1304,0,1305,2,Call,10600
478,1,479,2,Put,10600
10821,2,10822,0,Underlying,10600
1311,2,1312,1,Call,10700
477,0,478,0,Put,10700
10834,0,10835,1,Underlying,10700
1331,1,1332,2,Call,10800
470,0,471,2,Put,10800
10857,0,10858,1,Underlying,10800
1384,2,1385,0,Call,10900
445,1,446,2,Put,10900
10937,2,10938,0,Underlying,10900
1396,1,1397,0,Call,11000
440,0,441,0,Put,11000
10956,2,10957,1,Underlying,11000
1439,1,1440,2,Call,11100
424,1,425,1,Put,11100
11013,1,11014,2,Underlying,11100
1504,1,1505,2,Call,11200
400,1,401,0,Put,11200
11102,1,11103,2,Underlying,11200
1445,2,1446,0,Call,11300
422,2,423,0,Put,11300
11021,0,11022,2,Underlying,11300
1364,2,1365,1,Call,11400
454,0,455,1,Put,11400
10909,0,10910,2,Underlying,11400
1337,2,1338,0,Call,11500
461,0,462,2,Put,11500
10875,0,10876,2,Underlying,11500
1447,0,1448,0,Call,11600
418,1,419,1,Put,11600
11026,1,11027,0,Underlying,11600
1366,0,1367,2,Call,11700
454,1,455,2,Put,11700
10913,0,10914,1,Underlying,11700
1359,1,1360,2,Call,11800
455,2,456,2,Put,11800
10908,1,10909,1,Underlying,11800
1367,2,1368,1,Call,11900
454,2,455,1,Put,11900
10918,2,10919,2,Underlying,11900
1356,2,1357,2,Call,12000
457,1,458,0,Put,12000
10902,2,10903,0,Underlying,12000
1352,0,1353,1,Call,12100
455,2,456,2,Put,12100
10899,0,10900,2,Underlying,12100
1355,2,1356,1,Call,12200
458,0,459,0,Put,12200
10895,2,10896,1,Underlying,12200
1345,0,1346,1,Call,12300
464,1,465,0,Put,12300
10881,1,10882,2,Underlying,12300
1325,2,1326,2,Call,12400
469,2,470,2,Put,12400
10858,0,10859,1,Underlying,12400
1305,2,1306,2,Call,12500
475,0,476,0,Put,12500
10830,0,10831,2,Underlying,12500
1384,0,1385,2,Call,12600
447,2,448,1,Put,12600
10935,2,10936,1,Underlying,12600
1305,1,1306,1,Call,12700
480,2,481,1,Put,12700
10827,0,10828,0,Underlying,12700
1343,1,1344,2,Call,12800
464,1,465,2,Put,12800
10878,1,10879,1,Underlying,12800
1291,0,1292,2,Call,12900
487,2,488,2,Put,12900
10805,1,10806,0,Underlying,12900
1281,0,1282,2,Call,13000
492,2,493,1,Put,13000
10789,0,10790,1,Underlying,13000
1370,2,1371,0,Call,13100
455,2,456,1,Put,13100
10916,1,10917,2,Underlying,13100
1335,0,1336,2,Call,13200
466,2,467,1,Put,13200
10869,0,10870,1,Underlying,13200
1312,0,1313,0,Call,13300
478,0,479,0,Put,13300
10834,2,10835,2,Underlying,13300
1315,2,1316,2,Call,13400
476,2,477,0,Put,13400
10839,0,10840,2,Underlying,13400
1362,2,1363,0,Call,13500
456,0,457,2,Put,13500
10906,0,10907,0,Underlying,13500
1357,1,1358,2,Call,13600
460,0,461,2,Put,13600
10898,1,10899,1,Underlying,13600
1346,2,1347,1,Call,13700
462,1,463,0,Put,13700
10882,2,10883,1,Underlying,13700
1313,2,1314,1,Call,13800
475,2,476,1,Put,13800
10843,2,10844,0,Underlying,13800
1277,0,1278,2,Call,13900
493,2,494,1,Put,13900
10782,0,10783,0,Underlying,13900
1270,1,1271,0,Call,14000
495,1,496,1,Put,14000
10779,0,10780,0,Underlying,14000
1260,2,1261,0,Call,14100
500,1,501,0,Put,14100
10764,0,10765,1,Underlying,14100
1280,0,1281,2,Call,14200
488,2,489,2,Put,14200
10786,2,10787,0,Underlying,14200
1211,1,1212,2,Call,14300
525,1,526,0,Put,14300
10683,2,10684,2,Underlying,14300
1139,2,1140,2,Call,14400
561,1,562,0,Put,14400
10577,1,10578,0,Underlying,14400
1147,0,1148,1,Call,14500
558,2,559,1,Put,14500
10587,0,10588,2,Underlying,14500
1189,1,1190,2,Call,14600
534,1,535,2,Put,14600
10656,1,10657,0,Underlying,14600
1190,2,1191,0,Call,14700
533,0,534,2,Put,14700
10655,2,10656,0,Underlying,14700
1208,0,1209,0,Call,14800
528,1,529,0,Put,14800
10679,1,10680,0,Underlying,14800
1138,0,1139,2,Call,14900
562,1,563,0,Put,14900
10582,2,10583,2,Underlying,14900
1180,1,1181,2,Call,15000
539,1,540,1,Put,15000
10643,0,10644,1,Underlying,15000
1212,0,1213,0,Call,15100
524,1,525,2,Put,15100
10689,0,10690,2,Underlying,15100
1155,1,1156,1,Call,15200
551,0,552,0,Put,15200
10600,0,10601,1,Underlying,15200
1204,0,1205,1,Call,15300
529,1,530,0,Put,15300
10673,0,10674,1,Underlying,15300
1176,2,1177,2,Call,15400
543,0,544,1,Put,15400
10631,2,10632,2,Underlying,15400
1152,2,1153,0,Call,15500
555,0,556,1,Put,15500
10596,1,10597,0,Underlying,15500
1205,0,1206,2,Call,15600
528,0,529,1,Put,15600
10678,2,10679,1,Underlying,15600
1234,1,1235,1,Call,15700
513,0,514,1,Put,15700
10721,1,10722,2,Underlying,15700
1309,1,1310,0,Call,15800
478,2,479,1,Put,15800
10829,2,10830,2,Underlying,15800
1271,2,1272,0,Call,15900
497,0,498,0,Put,15900
10774,2,10775,2,Underlying,15900
1186,0,1187,1,Call,16000
538,2,539,0,Put,16000
10646,2,10647,2,Underlying,16000
1192,1,1193,2,Call,16100
534,2,535,0,Put,16100
10657,0,10658,1,Underlying,16100
1239,0,1240,2,Call,16200
511,2,512,0,Put,16200
10728,0,10729,0,Underlying,16200
1177,1,1178,0,Call,16300
545,2,546,2,Put,16300
10634,1,10635,1,Underlying,16300
1125,0,1126,2,Call,16400
570,0,571,1,Put,16400
10553,0,10554,1,Underlying,16400
1143,0,1144,0,Call,16500
562,0,563,1,Put,16500
10579,0,10580,1,Underlying,16500
1097,2,1098,0,Call,16600
587,0,588,0,Put,16600
10511,1,10512,0,Underlying,16600
1027,2,1028,0,Call,16700
626,1,627,2,Put,16700
10403,2,10404,1,Underlying,16700
976,1,977,0,Call,16800
662,2,663,0,Put,16800
10315,2,10316,0,Underlying,16800
1001,0,1002,2,Call,16900
642,0,643,2,Put,16900
10356,1,10357,2,Underlying,16900
995,0,996,1,Call,17000
648,0,649,2,Put,17000
10346,0,10347,2,Underlying,17000
953,0,954,1,Call,17100
675,2,676,0,Put,17100
10280,0,10281,0,Underlying,17100
929,1,930,1,Call,17200
692,1,693,2,Put,17200
10239,2,10240,2,Underlying,17200
958,1,959,0,Call,17300
675,0,676,2,Put,17300
10284,2,10285,2,Underlying,17300
924,2,925,0,Call,17400
697,2,698,2,Put,17400
10226,0,10227,1,Underlying,17400
913,2,914,0,Call,17500
704,2,705,2,Put,17500
10209,2,10210,0,Underlying,17500
922,1,923,0,Call,17600
696,2,697,0,Put,17600
10230,0,10231,2,Underlying,17600
915,0,916,2,Call,17700
705,2,706,2,Put,17700
10210,1,10211,2,Underlying,17700
906,2,907,0,Call,17800
705,0,706,0,Put,17800
10205,1,10206,2,Underlying,17800
887,1,888,2,Call,17900
723,2,724,0,Put,17900
10164,0,10165,2,Underlying,17900
920,2,921,1,Call,18000
697,1,698,1,Put,18000
10220,0,10221,0,Underlying,18000
924,0,925,2,Call,18100
694,2,695,2,Put,18100
10225,2,10226,1,Underlying,18100
984,2,985,0,Call,18200
656,1,657,0,Put,18200
10328,2,10329,0,Underlying,18200
1027,2,1028,0,Call,18300
628,1,629,2,Put,18300
10400,2,10401,2,Underlying,18300
1030,0,1031,2,Call,18400
626,0,627,0,Put,18400
10405,2,10406,2,Underlying,18400
1052,2,1053,2,Call,18500
613,1,614,0,Put,18500
10440,0,10441,2,Underlying,18500
1045,1,1046,0,Call,18600
618,0,619,0,Put,18600
10431,0,10432,2,Underlying,18600
1035,2,1036,1,Call,18700
622,2,623,2,Put,18700
10413,1,10414,2,Underlying,18700
1007,0,1008,0,Call,18800
640,0,641,1,Put,18800
10366,0,10367,0,Underlying,18800
937,1,938,1,Call,18900
686,2,687,0,Put,18900
10255,1,10256,0,Underlying,18900
981,1,982,2,Call,19000
657,1,658,2,Put,19000
10326,1,10327,2,Underlying,19000
1099,1,1100,1,Call,19100
580,2,581,1,Put,19100
10514,0,10515,1,Underlying,19100
1051,1,1052,1,Call,19200
613,1,614,2,Put,19200
10437,0,10438,2,Underlying,19200
1022,0,1023,0,Call,19300
631,0,632,2,Put,19300
10389,1,10390,0,Underlying,19300
986,1,987,1,Call,19400
655,0,656,2,Put,19400
10334,2,10335,1,Underlying,19400
976,0,977,0,Call,19500
659,0,660,2,Put,19500
10319,0,10320,0,Underlying,19500
977,2,978,0,Call,19600
663,0,664,2,Put,19600
10316,1,10317,2,Underlying,19600
995,2,996,2,Call,19700
648,0,649,2,Put,19700
10345,1,10346,0,Underlying,19700
987,2,988,1,Call,19800
652,1,653,2,Put,19800
10333,0,10334,0,Underlying,19800
967,1,968,0,Call,19900
667,2,668,2,Put,19900
10297,1,10298,0,Underlying,19900
902,2,903,1,Call,20000
713,1,714,2,Put,20000
10188,1,10189,1,Underlying,20000
936,1,937,1,Call,20100
689,0,690,1,Put,20100
10246,0,10247,2,Underlying,20100
984,1,985,0,Call,20200
655,2,656,1,Put,20200
10327,0,10328,2,Underlying,20200
959,1,960,2,Call,20300
672,1,673,0,Put,20300
10288,2,10289,1,Underlying,20300
944,0,945,1,Call,20400
683,1,684,2,Put,20400
10262,2,10263,0,Underlying,20400
963,1,964,2,Call,20500
671,1,672,1,Put,20500
10293,0,10294,1,Underlying,20500
1016,0,1017,0,Call,20600
635,1,636,2,Put,20600
10381,0,10382,1,Underlying,20600
993,1,994,1,Call,20700
649,1,650,0,Put,20700
10343,0,10344,1,Underlying,20700
980,2,981,0,Call,20800
658,0,659,0,Put,20800
10322,2,10323,1,Underlying,20800
1044,1,1045,2,Call,20900
619,1,620,2,Put,20900
10426,1,10427,0,Underlying,20900
1029,0,1030,2,Call,21000
626,2,627,0,Put,21000
10402,2,10403,0,Underlying,21000
938,0,939,1,Call,21100
685,2,686,2,Put,21100
10250,0,10251,1,Underlying,21100
945,2,946,2,Call,21200
682,0,683,1,Put,21200
10264,1,10265,0,Underlying,21200
977,1,978,1,Call,21300
656,2,657,0,Put,21300
10318,2,10319,1,Underlying,21300
960,0,961,1,Call,21400
673,1,674,0,Put,21400
10289,0,10290,0,Underlying,21400
920,0,921,0,Call,21500
697,2,698,1,Put,21500
10219,0,10220,0,Underlying,21500
892,1,893,0,Call,21600
719,2,720,1,Put,21600
10174,0,10175,0,Underlying,21600
857,0,858,1,Call,21700
746,2,747,0,Put,21700
10109,1,10110,1,Underlying,21700
832,2,833,2,Call,21800
766,2,767,1,Put,21800
10067,1,10068,2,Underlying,21800
845,0,846,1,Call,21900
757,1,758,2,Put,21900
10086,1,10087,0,Underlying,21900
776,1,777,2,Call,22000
816,2,817,2,Put,22000
9962,2,9963,2,Underlying,22000
756,2,757,0,Call,22100
833,2,834,0,Put,22100
9921,1,9922,2,Underlying,22100
798,2,799,0,Call,22200
792,0,793,0,Put,22200
10009,2,10010,2,Underlying,22200
787,1,788,0,Call,22300
803,0,804,1,Put,22300
9984,1,9985,2,Underlying,22300
722,0,723,1,Call,22400
863,2,864,1,Put,22400
9857,2,9858,0,Underlying,22400
702,2,703,2,Call,22500
881,2,882,0,Put,22500
9824,0,9825,1,Underlying,22500
659,0,660,2,Call,22600
925,2,926,2,Put,22600
9734,1,9735,2,Underlying,22600
684,2,685,2,Call,22700
901,1,902,2,Put,22700
9783,1,9784,2,Underlying,22700
646,1,647,1,Call,22800
942,2,943,2,Put,22800
9702,2,9703,0,Underlying,22800
627,2,628,1,Call,22900
962,0,963,0,Put,22900
9667,2,9668,0,Underlying,22900
612,2,613,0,Call,23000
979,0,980,0,Put,23000
9633,0,9634,2,Underlying,23000
609,2,610,2,Call,23100
978,0,979,2,Put,23100
9627,1,9628,2,Underlying,23100
608,0,609,2,Call,23200
981,2,982,0,Put,23200
9627,1,9628,1,Underlying,23200
572,1,573,0,Call,23300
1021,1,1022,2,Put,23300
9547,1,9548,2,Underlying,23300
550,0,551,0,Call,23400
1054,0,1055,1,Put,23400
9497,2,9498,0,Underlying,23400
542,0,543,0,Call,23500
1061,2,1062,0,Put,23500
9481,2,9482,1,Underlying,23500
570,1,571,1,Call,23600
1025,2,1026,1,Put,23600
9542,2,9543,0,Underlying,23600
590,2,591,2,Call,23700
1004,2,1005,1,Put,23700
9585,2,9586,2,Underlying,23700
555,1,556,1,Call,23800
1041,2,1042,0,Put,23800
9511,0,9512,1,Underlying,23800
597,1,598,0,Call,23900
997,2,998,2,Put,23900
9599,1,9600,0,Underlying,23900
553,0,554,1,Call,24000
1046,0,1047,0,Put,24000
9504,2,9505,2,Underlying,24000
585,2,586,1,Call,24100
1011,2,1012,0,Put,24100
9575,1,9576,2,Underlying,24100
575,1,576,0,Call,24200
1016,2,1017,1,Put,24200
9561,2,9562,1,Underlying,24200
573,0,574,1,Call,24300
1024,0,1025,0,Put,24300
9548,2,9549,1,Underlying,24300
575,2,576,0,Call,24400
1017,2,1018,2,Put,24400
9562,1,9563,1,Underlying,24400
560,1,561,2,Call,24500
1037,2,1038,1,Put,24500
9518,1,9519,1,Underlying,24500
577,0,578,2,Call,24600
1019,0,1020,2,Put,24600
9558,0,9559,0,Underlying,24600
549,0,550,1,Call,24700
1052,1,1053,0,Put,24700
9499,2,9500,2,Underlying,24700
540,0,541,0,Call,24800
1066,1,1067,1,Put,24800
9473,1,9474,1,Underlying,24800
559,0,560,0,Call,24900
1042,2,1043,2,Put,24900
9515,1,9516,0,Underlying,24900
579,1,580,0,Call,25000
1019,2,1020,1,Put,25000
9559,1,9560,0,Underlying,25000
546,2,547,0,Call,25100
1058,1,1059,2,Put,25100
9488,2,9489,2,Underlying,25100
573,0,574,1,Call,25200
1024,0,1025,1,Put,25200
9549,1,9550,1,Underlying,25200
564,0,565,0,Call,25300
1036,2,1037,2,Put,25300
9527,1,9528,0,Underlying,25300
609,1,610,0,Call,25400
980,0,981,0,Put,25400
9630,0,9631,0,Underlying,25400
627,1,628,2,Call,25500
963,1,964,0,Put,25500
9660,1,9661,0,Underlying,25500
593,1,594,0,Call,25600
994,1,995,2,Put,25600
9599,1,9600,1,Underlying,25600
625,2,626,0,Call,25700
959,2,960,2,Put,25700
9664,1,9665,0,Underlying,25700
639,1,640,2,Call,25800
947,0,948,0,Put,25800
9693,0,9694,1,Underlying,25800
669,0,670,1,Call,25900
918,2,919,2,Put,25900
9752,0,9753,2,Underlying,25900
677,1,678,0,Call,26000
906,2,907,0,Put,26000
9774,0,9775,1,Underlying,26000
660,2,661,1,Call,26100
925,2,926,2,Put,26100
9735,1,9736,0,Underlying,26100
657,2,658,1,Call,26200
923,2,924,1,Put,26200
9738,1,9739,1,Underlying,26200
713,2,714,2,Call,26300
873,0,874,1,Put,26300
9839,1,9840,2,Underlying,26300
729,2,730,0,Call,26400
855,2,856,2,Put,26400
9874,0,9875,0,Underlying,26400
725,0,726,0,Call,26500
860,1,861,2,Put,26500
9867,1,9868,0,Underlying,26500
696,1,697,2,Call,26600
888,0,889,1,Put,26600
9807,1,9808,1,Underlying,26600
736,1,737,1,Call,26700
847,2,848,1,Put,26700
9885,2,9886,1,Underlying,26700
777,1,778,2,Call,26800
812,1,813,1,Put,26800
9965,0,9966,2,Underlying,26800
847,1,848,2,Call,26900
754,0,755,0,Put,26900
10090,0,10091,1,Underlying,26900
842,2,843,2,Call,27000
758,2,759,0,Put,27000
10085,0,10086,0,Underlying,27000
811,2,812,1,Call,27100
782,2,783,1,Put,27100
10028,2,10029,1,Underlying,27100
824,1,825,0,Call,27200
772,2,773,2,Put,27200
10052,2,10053,2,Underlying,27200
870,1,871,2,Call,27300
735,0,736,0,Put,27300
10139,1,10140,2,Underlying,27300
875,2,876,1,Call,27400
734,2,735,2,Put,27400
10139,1,10140,2,Underlying,27400
848,2,849,2,Call,27500
750,0,751,1,Put,27500
10098,2,10099,1,Underlying,27500
918,0,919,1,Call,27600
703,1,704,0,Put,27600
10214,2,10215,2,Underlying,27600
956,2,957,1,Call,27700
675,1,676,1,Put,27700
10282,0,10283,2,Underlying,27700
925,1,926,2,Call,27800
694,2,695,1,Put,27800
10228,1,10229,2,Underlying,27800
938,0,939,2,Call,27900
685,2,686,0,Put,27900
10253,0,10254,2,Underlying,27900
885,1,886,0,Call,28000
724,2,725,2,Put,28000
10161,1,10162,2,Underlying,28000
885,1,886,0,Call,28100
724,0,725,2,Put,28100
10161,2,10162,1,Underlying,28100
841,1,842,1,Call,28200
759,0,760,1,Put,28200
10083,1,10084,1,Underlying,28200
815,1,816,1,Call,28300
780,0,781,1,Put,28300
10035,2,10036,2,Underlying,28300
800,0,801,1,Call,28400
789,2,790,0,Put,28400
10016,1,10017,0,Underlying,28400
797,0,798,2,Call,28500
795,2,796,0,Put,28500
10006,0,10007,0,Underlying,28500
765,0,766,1,Call,28600
823,2,824,1,Put,28600
9940,2,9941,0,Underlying,28600
750,0,751,1,Call,28700
837,1,838,0,Put,28700
9913,0,9914,2,Underlying,28700
726,0,727,2,Call,28800
858,2,859,0,Put,28800
9869,0,9870,1,Underlying,28800
743,2,744,1,Call,28900
844,0,845,0,Put,28900
9898,2,9899,0,Underlying,28900
771,1,772,0,Call,29000
818,1,819,0,Put,29000
9951,2,9952,0,Underlying,29000
803,1,804,2,Call,29100
789,2,790,0,Put,29100
10012,1,10013,2,Underlying,29100
785,0,786,1,Call,29200
807,2,808,2,Put,29200
9976,2,9977,2,Underlying,29200
749,2,750,1,Call,29300
838,1,839,1,Put,29300
9910,2,9911,2,Underlying,29300
673,1,674,0,Call,29400
906,0,907,0,Put,29400
9771,0,9772,0,Underlying,29400
639,1,640,0,Call,29500
945,0,946,0,Put,29500
9697,2,9698,1,Underlying,29500
636,1,637,0,Call,29600
950,1,951,0,Put,29600
9687,2,9688,2,Underlying,29600
670,1,671,1,Call,29700
911,0,912,0,Put,29700
9756,0,9757,2,Underlying,29700
693,1,694,2,Call,29800
888,1,889,2,Put,29800
9800,0,9801,0,Underlying,29800
705,0,706,1,Call,29900
878,0,879,0,Put,29900
9826,2,9827,2,Underlying,29900
703,2,704,0,Call,30000
882,1,883,0,Put,30000
9821,2,9822,2,Underlying,30000
694,2,695,2,Call,30100
887,0,888,2,Put,30100
9803,0,9804,2,Underlying,30100
696,0,697,0,Call,30200
885,2,886,1,Put,30200
9805,0,9806,2,Underlying,30200
715,0,716,0,Call,30300
866,2,867,2,Put,30300
9846,1,9847,1,Underlying,30300
732,2,733,2,Call,30400
851,1,852,0,Put,30400
9877,1,9878,0,Underlying,30400
781,1,782,0,Call,30500
807,2,808,1,Put,30500
9977,0,9978,1,Underlying,30500
796,0,797,1,Call,30600
795,1,796,2,Put,30600
10000,1,10001,1,Underlying,30600
742,0,743,0,Call,30700
839,2,840,0,Put,30700
9905,1,9906,1,Underlying,30700
747,2,748,1,Call,30800
839,2,840,1,Put,30800
9907,2,9908,1,Underlying,30800
764,0,765,0,Call,30900
820,2,821,1,Put,30900
9942,1,9943,2,Underlying,30900
739,2,740,1,Call,31000
840,2,841,0,Put,31000
9899,1,9900,2,Underlying,31000
736,2,737,1,Call,31100
850,1,851,0,Put,31100
9887,0,9888,0,Underlying,31100
749,0,750,1,Call,31200
835,1,836,1,Put,31200
9910,1,9911,1,Underlying,31200
705,0,706,0,Call,31300
878,1,879,1,Put,31300
9827,0,9828,1,Underlying,31300
750,0,751,1,Call,31400
834,2,835,0,Put,31400
9917,0,9918,1,Underlying,31400
733,2,734,1,Call,31500
853,1,854,0,Put,31500
9880,0,9881,0,Underlying,31500
740,1,741,1,Call,31600
846,0,847,1,Put,31600
9896,0,9897,1,Underlying,31600
744,0,745,0,Call,31700
844,0,845,2,Put,31700
9896,1,9897,1,Underlying,31700
660,0,661,0,Call,31800
924,0,925,1,Put,31800
9736,0,9737,1,Underlying,31800
674,2,675,2,Call,31900
903,2,904,1,Put,31900
9770,1,9771,0,Underlying,31900
645,0,646,2,Call,32000
942,2,943,0,Put,32000
9700,1,9701,2,Underlying,32000
666,2,667,1,Call,32100
917,1,918,0,Put,32100
9751,1,9752,0,Underlying,32100
684,0,685,0,Call,32200
899,0,900,0,Put,32200
9784,2,9785,2,Underlying,32200
653,1,654,2,Call,32300
927,0,928,2,Put,32300
9722,2,9723,1,Underlying,32300
689,1,690,1,Call,32400
897,2,898,1,Put,32400
9794,1,9795,1,Underlying,32400
726,2,727,2,Call,32500
856,1,857,1,Put,32500
9874,0,9875,2,Underlying,32500
744,2,745,1,Call,32600
837,1,838,1,Put,32600
9908,1,9909,2,Underlying,32600
748,2,749,0,Call,32700
840,0,841,0,Put,32700
9911,1,9912,2,Underlying,32700
715,0,716,1,Call,32800
869,1,870,0,Put,32800
9845,2,9846,0,Underlying,32800
743,2,744,1,Call,32900
843,2,844,0,Put,32900
9900,2,9901,2,Underlying,32900
769,1,770,1,Call,33000
823,1,824,2,Put,33000
9944,1,9945,0,Underlying,33000
767,1,768,2,Call,33100
816,0,817,2,Put,33100
9952,1,9953,1,Underlying,33100
780,0,781,2,Call,33200
811,0,812,0,Put,33200
9966,1,9967,2,Underlying,33200
790,1,791,0,Call,33300
798,1,799,1,Put,33300
9995,2,9996,2,Underlying,33300
794,0,795,2,Call,33400
792,0,793,2,Put,33400
10002,0,10003,1,Underlying,33400
760,2,761,1,Call,33500
827,2,828,2,Put,33500
9934,2,9935,1,Underlying,33500
726,2,727,1,Call,33600
854,0,855,0,Put,33600
9871,2,9872,0,Underlying,33600
746,1,747,0,Call,33700
837,1,838,0,Put,33700
9907,2,9908,0,Underlying,33700
738,0,739,0,Call,33800
848,1,849,1,Put,33800
9890,0,9891,1,Underlying,33800
766,0,767,1,Call,33900
824,1,825,2,Put,33900
9939,1,9940,2,Underlying,33900
807,2,808,2,Call,34000
785,1,786,0,Put,34000
10024,2,10025,1,Underlying,34000
833,1,834,2,Call,34100
765,1,766,2,Put,34100
10067,1,10068,2,Underlying,34100
868,0,869,0,Call,34200
733,2,734,1,Put,34200
10130,2,10131,2,Underlying,34200
832,1,833,2,Call,34300
766,2,767,2,Put,34300
10067,1,10068,2,Underlying,34300
864,0,865,0,Call,34400
742,2,743,0,Put,34400
10121,2,10122,1,Underlying,34400
817,2,818,1,Call,34500
775,1,776,0,Put,34500
10039,1,10040,0,Underlying,34500
777,1,778,0,Call,34600
809,1,810,2,Put,34600
9966,2,9967,2,Underlying,34600
750,0,751,1,Call,34700
833,1,834,0,Put,34700
9920,0,9921,1,Underlying,34700
741,0,742,2,Call,34800
845,2,846,0,Put,34800
9897,2,9898,1,Underlying,34800
709,0,710,0,Call,34900
877,2,878,0,Put,34900
9831,2,9832,2,Underlying,34900
715,1,716,1,Call,35000
868,1,869,2,Put,35000
9849,0,9850,2,Underlying,35000
718,2,719,0,Call,35100
866,1,867,1,Put,35100
9850,2,9851,2,Underlying,35100
739,0,740,1,Call,35200
844,0,845,2,Put,35200
9895,2,9896,0,Underlying,35200
777,2,778,1,Call,35300
811,2,812,2,Put,35300
9967,0,9968,2,Underlying,35300
733,1,734,2,Call,35400
850,2,851,0,Put,35400
9886,2,9887,2,Underlying,35400
784,0,785,1,Call,35500
806,1,807,0,Put,35500
9974,0,9975,2,Underlying,35500
809,0,810,2,Call,35600
782,0,783,0,Put,35600
10029,2,10030,2,Underlying,35600
802,0,803,0,Call,35700
790,2,791,0,Put,35700
10017,1,10018,1,Underlying,35700
778,0,779,1,Call,35800
811,2,812,0,Put,35800
9966,1,9967,1,Underlying,35800
825,2,826,2,Call,35900
771,0,772,0,Put,35900
10056,2,10057,2,Underlying,35900
824,0,825,0,Call,36000
770,0,771,0,Put,36000
10055,0,10056,2,Underlying,36000
764,1,765,1,Call,36100
822,0,823,0,Put,36100
9946,0,9947,2,Underlying,36100
750,2,751,0,Call,36200
835,1,836,0,Put,36200
9911,2,9912,2,Underlying,36200
765,0,766,2,Call,36300
820,1,821,1,Put,36300
9948,0,9949,1,Underlying,36300
749,1,750,0,Call,36400
833,1,834,1,Put,36400
9911,2,9912,0,Underlying,36400
708,0,709,2,Call,36500
876,0,877,1,Put,36500
9831,1,9832,1,Underlying,36500
699,2,700,1,Call,36600
881,1,882,2,Put,36600
9814,2,9815,1,Underlying,36600
689,0,690,2,Call,36700
897,0,898,1,Put,36700
9789,2,9790,1,Underlying,36700
650,0,651,1,Call,36800
932,0,933,2,Put,36800
9717,1,9718,2,Underlying,36800
628,0,629,2,Call,36900
955,0,956,1,Put,36900
9669,1,9670,0,Underlying,36900
648,2,649,1,Call,37000
937,1,938,2,Put,37000
9710,0,9711,2,Underlying,37000
631,0,632,1,Call,37100
956,2,957,0,Put,37100
9674,2,9675,1,Underlying,37100
661,1,662,2,Call,37200
919,0,920,1,Put,37200
9737,0,9738,1,Underlying,37200
681,0,682,0,Call,37300
905,2,906,1,Put,37300
9774,2,9775,1,Underlying,37300
693,0,694,2,Call,37400
887,1,888,0,Put,37400
9801,2,9802,2,Underlying,37400
676,0,677,2,Call,37500
909,2,910,0,Put,37500
9765,0,9766,2,Underlying,37500
652,0,653,0,Call,37600
931,0,932,0,Put,37600
9725,0,9726,2,Underlying,37600
659,0,660,0,Call,37700
923,2,924,2,Put,37700
9738,1,9739,0,Underlying,37700
658,0,659,2,Call,37800
926,2,927,0,Put,37800
9730,2,9731,1,Underlying,37800
700,1,701,2,Call,37900
886,0,887,0,Put,37900
9814,1,9815,1,Underlying,37900
653,0,654,2,Call,38000
930,1,931,1,Put,38000
9724,1,9725,0,Underlying,38000
646,2,647,1,Call,38100
939,0,940,1,Put,38100
9706,1,9707,0,Underlying,38100
624,1,625,1,Call,38200
964,1,965,2,Put,38200
9656,0,9657,0,Underlying,38200
618,0,619,1,Call,38300
972,2,973,0,Put,38300
9646,2,9647,1,Underlying,38300
631,1,632,1,Call,38400
958,2,959,1,Put,38400
9672,0,9673,0,Underlying,38400
599,2,600,1,Call,38500
994,0,995,2,Put,38500
9606,2,9607,2,Underlying,38500
559,2,560,2,Call,38600
1042,0,1043,1,Put,38600
9516,2,9517,2,Underlying,38600
525,2,526,1,Call,38700
1084,2,1085,2,Put,38700
9437,1,9438,1,Underlying,38700
517,1,518,2,Call,38800
1093,0,1094,1,Put,38800
9427,0,9428,2,Underlying,38800
525,1,526,2,Call,38900
1090,1,1091,1,Put,38900
9431,1,9432,2,Underlying,38900
514,1,515,1,Call,39000
1102,0,1103,1,Put,39000
9413,0,9414,1,Underlying,39000
523,1,524,1,Call,39100
1089,2,1090,2,Put,39100
9432,0,9433,1,Underlying,39100
532,0,533,2,Call,39200
1076,1,1077,2,Put,39200
9456,1,9457,2,Underlying,39200
551,2,552,2,Call,39300
1051,2,1052,1,Put,39300
9500,1,9501,2,Underlying,39300
600,1,601,1,Call,39400
986,2,987,0,Put,39400
9613,1,9614,1,Underlying,39400
569,1,570,1,Call,39500
1024,2,1025,2,Put,39500
9550,2,9551,2,Underlying,39500
578,2,579,2,Call,39600
1014,2,1015,1,Put,39600
9560,0,9561,0,Underlying,39600
565,0,566,2,Call,39700
1034,1,1035,2,Put,39700
9530,0,9531,2,Underlying,39700
560,0,561,2,Call,39800
1041,0,1042,1,Put,39800
9519,2,9520,0,Underlying,39800
592,1,593,0,Call,39900
1003,1,1004,2,Put,39900
9589,0,9590,2,Underlying,39900
617,2,618,1,Call,40000
970,1,971,2,Put,40000
9645,2,9646,2,Underlying,40000
648,1,649,1,Call,40100
939,2,940,2,Put,40100
9709,1,9710,0,Underlying,40100
642,1,643,0,Call,40200
937,2,938,0,Put,40200
9703,1,9704,1,Underlying,40200
636,2,637,1,Call,40300
950,2,951,1,Put,40300
9686,1,9687,0,Underlying,40300
619,2,620,1,Call,40400
970,0,971,1,Put,40400
9648,2,9649,2,Underlying,40400
676,1,677,2,Call,40500
909,1,910,0,Put,40500
9769,0,9770,2,Underlying,40500
658,0,659,2,Call,40600
927,0,928,1,Put,40600
9728,0,9729,0,Underlying,40600
625,1,626,2,Call,40700
963,1,964,0,Put,40700
9661,0,9662,1,Underlying,40700
685,2,686,2,Call,40800
898,2,899,0,Put,40800
9792,1,9793,2,Underlying,40800
665,1,666,0,Call,40900
918,0,919,2,Put,40900
9747,2,9748,0,Underlying,40900
652,0,653,2,Call,41000
935,1,936,2,Put,41000
9716,2,9717,0,Underlying,41000
624,1,625,0,Call,41100
967,0,968,0,Put,41100
9657,1,9658,0,Underlying,41100
663,1,664,0,Call,41200
919,2,920,1,Put,41200
9749,2,9750,0,Underlying,41200
697,1,698,0,Call,41300
889,2,890,0,Put,41300
9809,0,9810,2,Underlying,41300
663,0,664,1,Call,41400
922,1,923,1,Put,41400
9740,0,9741,0,Underlying,41400
584,0,585,1,Call,41500
1007,1,1008,0,Put,41500
9571,0,9572,0,Underlying,41500
612,1,613,0,Call,41600
976,0,977,2,Put,41600
9634,1,9635,0,Underlying,41600
612,1,613,1,Call,41700
979,0,980,2,Put,41700
9633,0,9634,1,Underlying,41700
592,2,593,2,Call,41800
999,2,1000,0,Put,41800
9591,1,9592,1,Underlying,41800
621,1,622,0,Call,41900
968,1,969,2,Put,41900
9652,2,9653,2,Underlying,41900
587,1,588,2,Call,42000
1007,1,1008,1,Put,42000
9580,0,9581,1,Underlying,42000
600,1,601,1,Call,42100
991,1,992,1,Put,42100
9606,2,9607,2,Underlying,42100
588,0,589,1,Call,42200
1006,1,1007,1,Put,42200
9581,2,9582,0,Underlying,42200
588,2,589,1,Call,42300
1005,2,1006,1,Put,42300
9583,2,9584,0,Underlying,42300
607,2,608,0,Call,42400
985,0,986,1,Put,42400
9623,0,9624,2,Underlying,42400
619,1,620,1,Call,42500
973,1,974,2,Put,42500
9649,0,9650,1,Underlying,42500
623,0,624,2,Call,42600
967,0,968,1,Put,42600
9656,2,9657,1,Underlying,42600
619,2,620,2,Call,42700
969,2,970,2,Put,42700
9651,2,9652,1,Underlying,42700
588,1,589,1,Call,42800
1005,2,1006,1,Put,42800
9583,1,9584,1,Underlying,42800
652,1,653,0,Call,42900
936,2,937,2,Put,42900
9713,2,9714,0,Underlying,42900
637,2,638,0,Call,43000
948,1,949,0,Put,43000
9691,0,9692,1,Underlying,43000
665,2,666,0,Call,43100
919,0,920,1,Put,43100
9747,2,9748,0,Underlying,43100
642,0,643,1,Call,43200
942,0,943,2,Put,43200
9693,2,9694,1,Underlying,43200
667,1,668,2,Call,43300
913,1,914,0,Put,43300
9756,2,9757,0,Underlying,43300
701,0,702,1,Call,43400
882,0,883,0,Put,43400
9818,2,9819,2,Underlying,43400
699,2,700,0,Call,43500
886,0,887,0,Put,43500
9813,1,9814,0,Underlying,43500
721,1,722,2,Call,43600
863,2,864,2,Put,43600
9858,0,9859,1,Underlying,43600
731,0,732,1,Call,43700
856,1,857,0,Put,43700
9875,2,9876,2,Underlying,43700
728,1,729,2,Call,43800
854,0,855,1,Put,43800
9878,1,9879,2,Underlying,43800
726,1,727,2,Call,43900
858,0,859,0,Put,43900
9866,1,9867,2,Underlying,43900
725,1,726,1,Call,44000
860,1,861,2,Put,44000
9864,0,9865,0,Underlying,44000
772,1,773,0,Call,44100
813,2,814,0,Put,44100
9955,1,9956,2,Underlying,44100
794,1,795,1,Call,44200
798,2,799,0,Put,44200
9997,2,9998,1,Underlying,44200
838,1,839,0,Call,44300
759,1,760,1,Put,44300
10083,0,10084,2,Underlying,44300
859,2,860,0,Call,44400
746,1,747,2,Put,44400
10113,1,10114,1,Underlying,44400
873,2,874,0,Call,44500
732,0,733,1,Put,44500
10143,2,10144,1,Underlying,44500
895,1,896,2,Call,44600
721,1,722,1,Put,44600
10175,0,10176,0,Underlying,44600
936,0,937,1,Call,44700
686,0,687,1,Put,44700
10254,0,10255,1,Underlying,44700
952,1,953,1,Call,44800
676,2,677,2,Put,44800
10275,2,10276,1,Underlying,44800
958,1,959,0,Call,44900
672,0,673,2,Put,44900
10285,0,10286,1,Underlying,44900
1006,1,1007,2,Call,45000
638,1,639,1,Put,45000
10364,2,10365,0,Underlying,45000
1076,0,1077,0,Call,45100
598,0,599,1,Put,45100
10477,0,10478,1,Underlying,45100
1116,2,1117,1,Call,45200
575,1,576,0,Put,45200
10540,1,10541,2,Underlying,45200
996,0,997,0,Call,45300
647,0,648,1,Put,45300
10347,2,10348,2,Underlying,45300
913,0,914,0,Call,45400
707,0,708,0,Put,45400
10206,2,10207,1,Underlying,45400
886,1,887,2,Call,45500
725,1,726,2,Put,45500
10162,1,10163,2,Underlying,45500
904,2,905,1,Call,45600
711,2,712,0,Put,45600
10191,2,10192,2,Underlying,45600
868,2,869,1,Call,45700
738,2,739,1,Put,45700
10128,0,10129,0,Underlying,45700
789,0,790,2,Call,45800
802,0,803,0,Put,45800
9986,1,9987,0,Underlying,45800
786,2,787,2,Call,45900
803,2,804,1,Put,45900
9983,0,9984,2,Underlying,45900
737,2,738,1,Call,46000
850,2,851,1,Put,46000
9885,0,9886,2,Underlying,46000
741,2,742,2,Call,46100
841,1,842,2,Put,46100
9902,0,9903,0,Underlying,46100
713,2,714,0,Call,46200
871,2,872,1,Put,46200
9843,1,9844,1,Underlying,46200
709,0,710,0,Call,46300
875,1,876,2,Put,46300
9834,0,9835,1,Underlying,46300
727,1,728,0,Call,46400
860,0,861,1,Put,46400
9868,0,9869,1,Underlying,46400
783,2,784,1,Call,46500
808,2,809,0,Put,46500
9975,2,9976,2,Underlying,46500
819,1,820,1,Call,46600
778,1,779,1,Put,46600
10041,2,10042,1,Underlying,46600
844,2,845,1,Call,46700
754,0,755,1,Put,46700
10093,1,10094,2,Underlying,46700
846,1,847,0,Call,46800
752,1,753,2,Put,46800
10091,2,10092,1,Underlying,46800
877,0,878,1,Call,46900
731,1,732,0,Put,46900
10146,0,10147,1,Underlying,46900
844,2,845,1,Call,47000
759,2,760,0,Put,47000
10088,0,10089,1,Underlying,47000
835,0,836,0,Call,47100
763,2,764,1,Put,47100
10071,0,10072,1,Underlying,47100
842,1,843,2,Call,47200
759,0,760,2,Put,47200
10082,2,10083,0,Underlying,47200
766,2,767,1,Call,47300
820,2,821,1,Put,47300
9949,0,9950,1,Underlying,47300
782,0,783,1,Call,47400
804,0,805,2,Put,47400
9980,0,9981,2,Underlying,47400
840,1,841,2,Call,47500
756,2,757,0,Put,47500
10079,2,10080,1,Underlying,47500
819,0,820,1,Call,47600
776,0,777,2,Put,47600
10043,1,10044,2,Underlying,47600
768,0,769,2,Call,47700
823,1,824,2,Put,47700
9941,0,9942,1,Underlying,47700
757,1,758,2,Call,47800
833,2,834,2,Put,47800
9923,2,9924,0,Underlying,47800
735,1,736,0,Call,47900
847,1,848,0,Put,47900
9889,0,9890,0,Underlying,47900
698,0,699,2,Call,48000
886,1,887,1,Put,48000
9810,1,9811,2,Underlying,48000
641,2,642,0,Call,48100
946,0,947,0,Put,48100
9693,2,9694,0,Underlying,48100
639,0,640,2,Call,48200
945,0,946,0,Put,48200
9699,0,9700,0,Underlying,48200
594,2,595,2,Call,48300
999,2,1000,2,Put,48300
9596,2,9597,0,Underlying,48300
617,0,618,0,Call,48400
971,0,972,1,Put,48400
9644,0,9645,0,Underlying,48400
624,1,625,2,Call,48500
961,1,962,1,Put,48500
9662,2,9663,1,Underlying,48500
633,1,634,1,Call,48600
957,0,958,2,Put,48600
9679,0,9680,1,Underlying,48600
628,0,629,1,Call,48700
960,0,961,2,Put,48700
9668,2,9669,1,Underlying,48700
640,1,641,0,Call,48800
947,0,948,1,Put,48800
9693,2,9694,0,Underlying,48800
591,2,592,1,Call,48900
1004,1,1005,0,Put,48900
9587,1,9588,1,Underlying,48900
598,2,599,1,Call,49000
994,2,995,0,Put,49000
9605,1,9606,1,Underlying,49000
628,0,629,0,Call,49100
958,0,959,2,Put,49100
9666,2,9667,2,Underlying,49100
677,0,678,2,Call,49200
908,1,909,0,Put,49200
9769,1,9770,2,Underlying,49200
581,0,582,0,Call,49300
1011,1,1012,0,Put,49300
9567,0,9568,1,Underlying,49300
591,2,592,0,Call,49400
1004,2,1005,1,Put,49400
9587,1,9588,0,Underlying,49400
591,0,592,0,Call,49500
1000,1,1001,0,Put,49500
9594,2,9595,1,Underlying,49500
557,2,558,0,Call,49600
1040,2,1041,1,Put,49600
9514,0,9515,0,Underlying,49600
547,1,548,2,Call,49700
1057,0,1058,1,Put,49700
9484,0,9485,1,Underlying,49700
580,0,581,0,Call,49800
1016,2,1017,2,Put,49800
9564,1,9565,1,Underlying,49800
547,0,548,2,Call,49900
1050,0,1051,1,Put,49900
9501,1,9502,2,Underlying,49900
560,0,561,0,Call,50000
1035,1,1036,0,Put,50000
9527,2,9528,2,Underlying,50000
562,1,563,0,Call,50100
1038,1,1039,1,Put,50100
9522,2,9523,0,Underlying,50100
496,2,497,0,Call,50200
1127,1,1128,1,Put,50200
9370,0,9371,0,Underlying,50200
518,1,519,2,Call,50300
1095,0,1096,0,Put,50300
9423,1,9424,0,Underlying,50300
534,0,535,1,Call,50400
1074,1,1075,0,Put,50400
9461,0,9462,0,Underlying,50400
525,1,526,1,Call,50500
1087,2,1088,2,Put,50500
9437,1,9438,0,Underlying,50500
570,1,571,2,Call,50600
1024,1,1025,0,Put,50600
9542,1,9543,0,Underlying,50600
565,0,566,0,Call,50700
1028,0,1029,1,Put,50700
9535,1,9536,2,Underlying,50700
582,0,583,2,Call,50800
1012,0,1013,0,Put,50800
9570,2,9571,1,Underlying,50800
620,1,621,2,Call,50900
969,1,970,2,Put,50900
9649,2,9650,2,Underlying,50900
615,0,616,0,Call,51000
973,2,974,2,Put,51000
9642,2,9643,2,Underlying,51000
563,0,564,2,Call,51100
1037,1,1038,0,Put,51100
9528,1,9529,2,Underlying,51100
547,0,548,1,Call,51200
1057,0,1058,2,Put,51200
9490,2,9491,2,Underlying,51200
552,1,553,1,Call,51300
1047,0,1048,0,Put,51300
9505,2,9506,0,Underlying,51300
598,0,599,2,Call,51400
997,1,998,1,Put,51400
9599,2,9600,1,Underlying,51400
550,2,551,0,Call,51500
1050,1,1051,1,Put,51500
9497,0,9498,1,Underlying,51500
560,0,561,0,Call,51600
1041,2,1042,2,Put,51600
9522,0,9523,2,Underlying,51600
564,2,565,0,Call,51700
1037,2,1038,0,Put,51700
9522,0,9523,1,Underlying,51700
536,1,537,1,Call,51800
1070,0,1071,2,Put,51800
9458,2,9459,0,Underlying,51800
514,1,515,1,Call,51900
1102,0,1103,0,Put,51900
9411,2,9412,2,Underlying,51900
538,2,539,0,Call,52000
1070,2,1071,0,Put,52000
9465,2,9466,0,Underlying,52000
514,1,515,1,Call,52100
1103,0,1104,2,Put,52100
9413,1,9414,0,Underlying,52100
554,1,555,1,Call,52200
1050,1,1051,0,Put,52200
9503,0,9504,0,Underlying,52200
551,1,552,1,Call,52300
1052,0,1053,0,Put,52300
9499,0,9500,1,Underlying,52300
536,0,537,0,Call,52400
1073,2,1074,1,Put,52400
9459,0,9460,2,Underlying,52400
504,1,505,2,Call,52500
1115,2,1116,0,Put,52500
9389,1,9390,1,Underlying,52500
513,2,514,1,Call,52600
1103,0,1104,2,Put,52600
9408,0,9409,0,Underlying,52600
479,0,480,2,Call,52700
1149,1,1150,0,Put,52700
9332,0,9333,1,Underlying,52700
517,1,518,0,Call,52800
1097,1,1098,1,Put,52800
9421,1,9422,1,Underlying,52800
493,2,494,0,Call,52900
1134,1,1135,2,Put,52900
9359,2,9360,1,Underlying,52900
479,2,480,0,Call,53000
1152,2,1153,1,Put,53000
9325,1,9326,0,Underlying,53000
521,1,522,2,Call,53100
1093,1,1094,0,Put,53100
9426,1,9427,1,Underlying,53100
550,1,551,0,Call,53200
1050,1,1051,0,Put,53200
9503,1,9504,1,Underlying,53200
600,0,601,0,Call,53300
988,2,989,0,Put,53300
9611,0,9612,0,Underlying,53300
614,2,615,1,Call,53400
975,1,976,0,Put,53400
9640,2,9641,1,Underlying,53400
574,0,575,1,Call,53500
1021,1,1022,1,Put,53500
9549,2,9550,0,Underlying,53500
541,2,542,0,Call,53600
1066,0,1067,1,Put,53600
9474,1,9475,1,Underlying,53600
507,0,508,0,Call,53700
1111,0,1112,2,Put,53700
9396,1,9397,0,Underlying,53700
493,2,494,1,Call,53800
1124,0,1125,1,Put,53800
9373,2,9374,1,Underlying,53800
492,1,493,1,Call,53900
1131,1,1132,1,Put,53900
9364,1,9365,1,Underlying,53900
524,1,525,2,Call,54000
1086,2,1087,1,Put,54000
9437,1,9438,1,Underlying,54000
530,0,531,0,Call,54100
1077,0,1078,0,Put,54100
9456,0,9457,1,Underlying,54100
527,2,528,1,Call,54200
1083,2,1084,1,Put,54200
9443,1,9444,0,Underlying,54200
530,1,531,0,Call,54300
1081,2,1082,1,Put,54300
9449,0,9450,0,Underlying,54300
536,0,537,1,Call,54400
1072,0,1073,2,Put,54400
9463,0,9464,2,Underlying,54400
558,2,559,1,Call,54500
1042,0,1043,1,Put,54500
9510,0,9511,1,Underlying,54500
559,0,560,2,Call,54600
1044,1,1045,2,Put,54600
9516,2,9517,0,Underlying,54600
565,2,566,0,Call,54700
1034,2,1035,0,Put,54700
9533,0,9534,0,Underlying,54700
544,1,545,0,Call,54800
1057,2,1058,1,Put,54800
9492,1,9493,0,Underlying,54800
545,2,546,1,Call,54900
1062,0,1063,0,Put,54900
9482,2,9483,0,Underlying,54900
541,1,542,0,Call,55000
1064,1,1065,2,Put,55000
9476,1,9477,0,Underlying,55000
543,1,544,2,Call,55100
1065,1,1066,2,Put,55100
9479,2,9480,2,Underlying,55100
522,2,523,1,Call,55200
1091,0,1092,1,Put,55200
9433,1,9434,1,Underlying,55200
515,0,516,0,Call,55300
1095,0,1096,0,Put,55300
9423,0,9424,2,Underlying,55300
554,0,555,1,Call,55400
1047,0,1048,1,Put,55400
9508,2,9509,0,Underlying,55400
569,1,570,0,Call,55500
1025,1,1026,0,Put,55500
9541,1,9542,0,Underlying,55500
567,2,568,2,Call,55600
1030,0,1031,2,Put,55600
9535,1,9536,2,Underlying,55600
576,1,577,2,Call,55700
1019,2,1020,1,Put,55700
9557,0,9558,1,Underlying,55700
534,1,535,2,Call,55800
1073,2,1074,0,Put,55800
9458,0,9459,1,Underlying,55800
484,2,485,1,Call,55900
1145,1,1146,0,Put,55900
9337,1,9338,1,Underlying,55900
466,2,467,0,Call,56000
1173,0,1174,2,Put,56000
9291,1,9292,0,Underlying,56000
492,2,493,1,Call,56100
1132,0,1133,1,Put,56100
9361,0,9362,1,Underlying,56100
511,0,512,0,Call,56200
1104,2,1105,0,Put,56200
9402,1,9403,1,Underlying,56200
500,1,501,1,Call,56300
1119,0,1120,0,Put,56300
9382,2,9383,2,Underlying,56300
505,1,506,2,Call,56400
1115,0,1116,0,Put,56400
9389,2,9390,0,Underlying,56400
485,2,486,1,Call,56500
1142,1,1143,2,Put,56500
9342,2,9343,1,Underlying,56500
452,2,453,2,Call,56600
1191,1,1192,1,Put,56600
9262,0,9263,2,Underlying,56600
442,1,443,1,Call,56700
1212,1,1213,1,Put,56700
9228,1,9229,1,Underlying,56700
417,1,418,1,Call,56800
1250,1,1251,1,Put,56800
9169,2,9170,1,Underlying,56800
421,2,422,1,Call,56900
1243,1,1244,0,Put,56900
9177,2,9178,1,Underlying,56900
428,0,429,0,Call,57000
1232,2,1233,0,Put,57000
9196,1,9197,2,Underlying,57000
411,2,412,1,Call,57100
1262,2,1263,1,Put,57100
9150,0,9151,0,Underlying,57100
405,2,406,2,Call,57200
1272,1,1273,2,Put,57200
9131,1,9132,2,Underlying,57200
381,1,382,2,Call,57300
1312,1,1313,1,Put,57300
9063,1,9064,2,Underlying,57300
400,1,401,0,Call,57400
1280,2,1281,1,Put,57400
9119,0,9120,1,Underlying,57400
411,1,412,0,Call,57500
1260,0,1261,2,Put,57500
9152,2,9153,2,Underlying,57500
406,0,407,2,Call,57600
1268,2,1269,0,Put,57600
9138,0,9139,0,Underlying,57600
411,0,412,2,Call,57700
1258,2,1259,2,Put,57700
9153,1,9154,1,Underlying,57700
429,0,430,2,Call,57800
1230,0,1231,0,Put,57800
9197,2,9198,0,Underlying,57800
445,2,446,1,Call,57900
1205,1,1206,1,Put,57900
9240,2,9241,2,Underlying,57900
402,1,403,1,Call,58000
1278,0,1279,1,Put,58000
9124,0,9125,1,Underlying,58000
420,1,421,0,Call,58100
1238,2,1239,1,Put,58100
9185,0,9186,0,Underlying,58100
442,2,443,1,Call,58200
1208,1,1209,0,Put,58200
9236,1,9237,1,Underlying,58200
442,2,443,1,Call,58300
1209,2,1210,0,Put,58300
9235,1,9236,1,Underlying,58300
461,1,462,1,Call,58400
1180,1,1181,2,Put,58400
9279,1,9280,1,Underlying,58400
442,2,443,0,Call,58500
1203,1,1204,1,Put,58500
9245,0,9246,2,Underlying,58500
474,2,475,0,Call,58600
1161,0,1162,2,Put,58600
9312,1,9313,0,Underlying,58600
492,0,493,0,Call,58700
1133,0,1134,2,Put,58700
9356,1,9357,2,Underlying,58700
470,0,471,2,Call,58800
1162,2,1163,0,Put,58800
9311,0,9312,1,Underlying,58800
488,0,489,2,Call,58900
1138,1,1139,2,Put,58900
9351,2,9352,1,Underlying,58900
488,2,489,2,Call,59000
1139,1,1140,2,Put,59000
9348,2,9349,0,Underlying,59000
506,1,507,0,Call,59100
1108,2,1109,1,Put,59100
9393,0,9394,1,Underlying,59100
486,0,487,0,Call,59200
1141,2,1142,1,Put,59200
9346,2,9347,1,Underlying,59200
496,0,497,0,Call,59300
1126,0,1127,1,Put,59300
9366,0,9367,2,Underlying,59300
527,0,528,1,Call,59400
1079,0,1080,0,Put,59400
9454,2,9455,2,Underlying,59400
548,2,549,2,Call,59500
1057,0,1058,0,Put,59500
9491,2,9492,2,Underlying,59500
522,2,523,0,Call,59600
1094,0,1095,2,Put,59600
9424,0,9425,1,Underlying,59600
496,2,497,1,Call,59700
1121,2,1122,2,Put,59700
9377,1,9378,0,Underlying,59700
530,2,531,0,Call,59800
1078,1,1079,0,Put,59800
9452,0,9453,2,Underlying,59800
553,1,554,2,Call,59900
1048,1,1049,2,Put,59900
9502,0,9503,0,Underlying,59900
601,2,602,0,Call,60000
990,2,991,0,Put,60000
9612,0,9613,0,Underlying,60000
565,0,566,1,Call,60100
1034,1,1035,0,Put,60100
9532,0,9533,2,Underlying,60100
550,0,551,0,Call,60200
1053,1,1054,1,Put,60200
9495,0,9496,0,Underlying,60200
579,1,580,2,Call,60300
1017,1,1018,1,Put,60300
9563,1,9564,0,Underlying,60300
601,2,602,0,Call,60400
992,2,993,1,Put,60400
9609,1,9610,1,Underlying,60400
613,1,614,0,Call,60500
973,0,974,0,Put,60500
9643,0,9644,1,Underlying,60500
574,1,575,1,Call,60600
1018,0,1019,1,Put,60600
9552,2,9553,1,Underlying,60600
571,1,572,2,Call,60700
1027,2,1028,2,Put,60700
9545,1,9546,1,Underlying,60700
567,1,568,0,Call,60800
1032,1,1033,0,Put,60800
9536,2,9537,0,Underlying,60800
545,2,546,1,Call,60900
1059,2,1060,2,Put,60900
9488,1,9489,1,Underlying,60900
546,2,547,2,Call,61000
1058,0,1059,1,Put,61000
9490,2,9491,2,Underlying,61000
529,2,530,0,Call,61100
1083,1,1084,0,Put,61100
9443,1,9444,0,Underlying,61100
536,1,537,1,Call,61200
1073,0,1074,1,Put,61200
9462,2,9463,0,Underlying,61200
550,1,551,2,Call,61300
1054,2,1055,2,Put,61300
9495,2,9496,2,Underlying,61300
543,1,544,2,Call,61400
1064,2,1065,0,Put,61400
9479,1,9480,1,Underlying,61400
553,1,554,0,Call,61500
1049,0,1050,2,Put,61500
9505,1,9506,1,Underlying,61500
598,1,599,2,Call,61600
990,2,991,1,Put,61600
9605,2,9606,2,Underlying,61600
583,1,584,0,Call,61700
1013,0,1014,0,Put,61700
9567,1,9568,1,Underlying,61700
582,1,583,0,Call,61800
1009,2,1010,0,Put,61800
9576,2,9577,2,Underlying,61800
549,0,550,1,Call,61900
1053,0,1054,2,Put,61900
9494,1,9495,1,Underlying,61900
498,1,499,0,Call,62000
1127,2,1128,0,Put,62000
9372,0,9373,1,Underlying,62000
512,2,513,2,Call,62100
1103,0,1104,2,Put,62100
9409,2,9410,0,Underlying,62100
532,2,533,2,Call,62200
1076,1,1077,1,Put,62200
9456,0,9457,0,Underlying,62200
533,0,534,2,Call,62300
1076,2,1077,0,Put,62300
9454,0,9455,0,Underlying,62300
543,0,544,2,Call,62400
1054,1,1055,2,Put,62400
9489,1,9490,0,Underlying,62400
569,2,570,2,Call,62500
1029,1,1030,0,Put,62500
9538,2,9539,2,Underlying,62500
565,2,566,2,Call,62600
1033,1,1034,1,Put,62600
9531,1,9532,0,Underlying,62600
614,0,615,0,Call,62700
981,0,982,0,Put,62700
9633,2,9634,1,Underlying,62700
595,0,596,0,Call,62800
998,0,999,1,Put,62800
9597,0,9598,0,Underlying,62800
537,0,538,2,Call,62900
1067,0,1068,2,Put,62900
9471,0,9472,0,Underlying,62900
517,0,518,2,Call,63000
1097,2,1098,2,Put,63000
9419,0,9420,0,Underlying,63000
562,2,563,1,Call,63100
1036,2,1037,1,Put,63100
9526,2,9527,2,Underlying,63100
579,1,580,0,Call,63200
1019,2,1020,1,Put,63200
9560,1,9561,2,Underlying,63200
533,0,534,2,Call,63300
1073,2,1074,0,Put,63300
9457,1,9458,1,Underlying,63300
519,0,520,2,Call,63400
1094,1,1095,0,Put,63400
9425,1,9426,0,Underlying,63400
542,0,543,0,Call,63500
1056,1,1057,1,Put,63500
9483,1,9484,1,Underlying,63500
556,0,557,2,Call,63600
1047,0,1048,1,Put,63600
9506,0,9507,2,Underlying,63600
531,1,532,0,Call,63700
1078,0,1079,0,Put,63700
9453,1,9454,2,Underlying,63700
519,1,520,2,Call,63800
1097,1,1098,1,Put,63800
9418,0,9419,2,Underlying,63800
480,2,481,2,Call,63900
1142,1,1143,1,Put,63900
9336,2,9337,2,Underlying,63900
503,2,504,0,Call,64000
1114,0,1115,1,Put,64000
9393,1,9394,2,Underlying,64000
515,0,516,1,Call,64100
1096,2,1097,1,Put,64100
9423,2,9424,2,Underlying,64100
513,1,514,2,Call,64200
1104,2,1105,0,Put,64200
9409,2,9410,0,Underlying,64200
481,2,482,2,Call,64300
1145,2,1146,1,Put,64300
9341,0,9342,0,Underlying,64300
431,1,432,1,Call,64400
1220,2,1221,0,Put,64400
9214,1,9215,2,Underlying,64400
456,2,457,2,Call,64500
1181,1,1182,1,Put,64500
9279,0,9280,1,Underlying,64500
458,0,459,1,Call,64600
1182,0,1183,1,Put,64600
9272,2,9273,2,Underlying,64600
497,1,498,2,Call,64700
1127,1,1128,0,Put,64700
9369,1,9370,1,Underlying,64700
499,2,500,2,Call,64800
1121,0,1122,2,Put,64800
9379,0,9380,1,Underlying,64800
493,1,494,0,Call,64900
1131,1,1132,1,Put,64900
9360,0,9361,0,Underlying,64900
504,2,505,2,Call,65000
1114,2,1115,2,Put,65000
9386,0,9387,2,Underlying,65000
508,0,509,2,Call,65100
1110,2,1111,1,Put,65100
9396,2,9397,1,Underlying,65100
496,2,497,0,Call,65200
1126,1,1127,2,Put,65200
9371,1,9372,0,Underlying,65200
477,0,478,2,Call,65300
1156,0,1157,2,Put,65300
9319,1,9320,1,Underlying,65300
450,1,451,1,Call,65400
1197,0,1198,1,Put,65400
9253,1,9254,0,Underlying,65400
460,2,461,2,Call,65500
1182,1,1183,1,Put,65500
9276,0,9277,0,Underlying,65500
439,1,440,2,Call,65600
1209,2,1210,0,Put,65600
9231,0,9232,1,Underlying,65600
426,2,427,2,Call,65700
1240,2,1241,0,Put,65700
9183,2,9184,2,Underlying,65700
387,0,388,2,Call,65800
1307,2,1308,0,Put,65800
9078,2,9079,2,Underlying,65800
389,2,390,0,Call,65900
1300,2,1301,2,Put,65900
9088,2,9089,1,Underlying,65900
407,0,408,2,Call,66000
1267,0,1268,0,Put,66000
9141,0,9142,0,Underlying,66000
415,1,416,1,Call,66100
1244,0,1245,0,Put,66100
9169,1,9170,0,Underlying,66100
449,1,450,1,Call,66200
1198,1,1199,2,Put,66200
9250,1,9251,0,Underlying,66200
466,0,467,2,Call,66300
1172,1,1173,0,Put,66300
9293,1,9294,2,Underlying,66300
409,0,410,0,Call,66400
1262,2,1263,1,Put,66400
9145,2,9146,1,Underlying,66400
358,0,359,0,Call,66500
1363,0,1364,2,Put,66500
8996,2,8997,2,Underlying,66500
335,0,336,1,Call,66600
1407,1,1408,1,Put,66600
8926,0,8927,1,Underlying,66600
311,0,312,2,Call,66700
1464,0,1465,1,Put,66700
8846,1,8847,2,Underlying,66700
296,0,297,2,Call,66800
1490,2,1491,0,Put,66800
8803,2,8804,0,Underlying,66800
311,2,312,1,Call,66900
1455,0,1456,2,Put,66900
8856,2,8857,2,Underlying,66900
327,0,328,2,Call,67000
1424,2,1425,2,Put,67000
8902,0,8903,0,Underlying,67000
315,2,316,1,Call,67100
1447,1,1448,2,Put,67100
8867,2,8868,0,Underlying,67100
333,2,334,2,Call,67200
1409,1,1410,2,Put,67200
8924,2,8925,1,Underlying,67200
337,2,338,2,Call,67300
1399,0,1400,1,Put,67300
8936,2,8937,1,Underlying,67300
359,2,360,2,Call,67400
1356,2,1357,2,Put,67400
9004,2,9005,1,Underlying,67400
375,2,376,2,Call,67500
1322,0,1323,1,Put,67500
9054,0,9055,1,Underlying,67500
368,2,369,0,Call,67600
1338,0,1339,1,Put,67600
9029,1,9030,2,Underlying,67600
355,1,356,0,Call,67700
1368,1,1369,0,Put,67700
8990,2,8991,1,Underlying,67700
384,0,385,0,Call,67800
1309,2,1310,1,Put,67800
9075,0,9076,2,Underlying,67800
421,2,422,0,Call,67900
1246,2,1247,1,Put,67900
9175,1,9176,1,Underlying,67900
431,0,432,1,Call,68000
1225,0,1226,2,Put,68000
9204,1,9205,0,Underlying,68000
431,0,432,1,Call,68100
1219,2,1220,0,Put,68100
9214,0,9215,0,Underlying,68100
475,1,476,1,Call,68200
1153,2,1154,0,Put,68200
9321,0,9322,1,Underlying,68200
477,2,478,2,Call,68300
1154,0,1155,2,Put,68300
9325,2,9326,1,Underlying,68300
489,2,490,0,Call,68400
1135,1,1136,1,Put,68400
9353,0,9354,2,Underlying,68400
477,0,478,1,Call,68500
1150,1,1151,1,Put,68500
9330,1,9331,1,Underlying,68500
466,0,467,0,Call,68600
1167,2,1168,0,Put,68600
9303,1,9304,2,Underlying,68600
462,2,463,0,Call,68700
1171,1,1172,1,Put,68700
9293,1,9294,2,Underlying,68700
442,0,443,1,Call,68800
1208,0,1209,1,Put,68800
9235,2,9236,1,Underlying,68800
484,2,485,0,Call,68900
1143,1,1144,2,Put,68900
9341,0,9342,2,Underlying,68900
489,0,490,0,Call,69000
1135,2,1136,0,Put,69000
9353,2,9354,2,Underlying,69000
542,0,543,0,Call,69100
1065,1,1066,2,Put,69100
9477,0,9478,0,Underlying,69100
564,0,565,2,Call,69200
1036,2,1037,1,Put,69200
9522,1,9523,0,Underlying,69200
549,0,550,2,Call,69300
1049,0,1050,1,Put,69300
9502,1,9503,1,Underlying,69300
538,1,539,0,Call,69400
1066,0,1067,0,Put,69400
9476,1,9477,2,Underlying,69400
500,0,501,0,Call,69500
1118,2,1119,2,Put,69500
9379,0,9380,2,Underlying,69500
427,2,428,1,Call,69600
1236,1,1237,2,Put,69600
9194,1,9195,0,Underlying,69600
412,1,413,2,Call,69700
1256,0,1257,0,Put,69700
9151,0,9152,0,Underlying,69700
412,2,413,1,Call,69800
1251,1,1252,0,Put,69800
9158,1,9159,1,Underlying,69800
442,1,443,2,Call,69900
1206,1,1207,1,Put,69900
9231,0,9232,2,Underlying,69900
479,0,480,1,Call,70000
1153,2,1154,0,Put,70000
9325,0,9326,0,Underlying,70000
429,2,430,2,Call,70100
1232,2,1233,0,Put,70100
9199,0,9200,2,Underlying,70100
387,2,388,2,Call,70200
1300,2,1301,1,Put,70200
9088,0,9089,1,Underlying,70200
411,1,412,2,Call,70300
1254,1,1255,0,Put,70300
9160,1,9161,1,Underlying,70300
390,1,391,2,Call,70400
1297,2,1298,0,Put,70400
9095,1,9096,1,Underlying,70400
348,2,349,0,Call,70500
1378,0,1379,0,Put,70500
8971,2,8972,2,Underlying,70500
326,2,327,1,Call,70600
1425,1,1426,0,Put,70600
8903,0,8904,1,Underlying,70600
338,0,339,1,Call,70700
1403,0,1404,1,Put,70700
8933,1,8934,0,Underlying,70700
341,2,342,2,Call,70800
1397,0,1398,1,Put,70800
8942,1,8943,2,Underlying,70800
356,2,357,1,Call,70900
1362,1,1363,1,Put,70900
8993,1,8994,0,Underlying,70900
331,0,332,0,Call,71000
1414,0,1415,2,Put,71000
8918,1,8919,0,Underlying,71000
328,0,329,2,Call,71100
1410,2,1411,1,Put,71100
8919,2,8920,1,Underlying,71100
320,1,321,0,Call,71200
1439,1,1440,2,Put,71200
8879,2,8880,1,Underlying,71200
332,1,333,0,Call,71300
1411,0,1412,0,Put,71300
8920,0,8921,2,Underlying,71300
339,2,340,2,Call,71400
1397,0,1398,2,Put,71400
8942,0,8943,2,Underlying,71400
307,2,308,1,Call,71500
1468,0,1469,2,Put,71500
8841,1,8842,0,Underlying,71500
311,1,312,0,Call,71600
1453,2,1454,2,Put,71600
8859,1,8860,0,Underlying,71600
348,1,349,1,Call,71700
1373,1,1374,0,Put,71700
8972,1,8973,1,Underlying,71700
319,1,320,2,Call,71800
1439,1,1440,0,Put,71800
8874,2,8875,2,Underlying,71800
344,2,345,2,Call,71900
1390,1,1391,0,Put,71900
8956,1,8957,0,Underlying,71900
379,1,380,1,Call,72000
1315,0,1316,0,Put,72000
9059,2,9060,2,Underlying,72000
334,1,335,2,Call,72100
1402,0,1403,1,Put,72100
8935,0,8936,0,Underlying,72100
350,1,351,1,Call,72200
1376,2,1377,0,Put,72200
8974,2,8975,0,Underlying,72200
312,0,313,2,Call,72300
1455,2,1456,0,Put,72300
8858,1,8859,1,Underlying,72300
318,1,319,0,Call,72400
1447,1,1448,1,Put,72400
8870,2,8871,0,Underlying,72400
346,1,347,2,Call,72500
1386,2,1387,2,Put,72500
8960,0,8961,1,Underlying,72500
327,1,328,1,Call,72600
1417,1,1418,2,Put,72600
8914,1,8915,1,Underlying,72600
302,0,303,1,Call,72700
1477,1,1478,2,Put,72700
8825,2,8826,2,Underlying,72700
293,1,294,2,Call,72800
1499,2,1500,2,Put,72800
8789,2,8790,1,Underlying,72800
274,2,275,0,Call,72900
1550,2,1551,2,Put,72900
8721,0,8722,2,Underlying,72900
285,1,286,1,Call,73000
1519,0,1520,0,Put,73000
8767,2,8768,2,Underlying,73000
284,1,285,2,Call,73100
1525,1,1526,0,Put,73100
8758,2,8759,1,Underlying,73100
279,2,280,1,Call,73200
1538,1,1539,1,Put,73200
8741,0,8742,1,Underlying,73200
277,1,278,0,Call,73300
1547,0,1548,0,Put,73300
8730,1,8731,0,Underlying,73300
315,1,316,1,Call,73400
1451,0,1452,2,Put,73400
8865,1,8866,0,Underlying,73400
291,0,292,0,Call,73500
1495,2,1496,0,Put,73500
8801,1,8802,1,Underlying,73500
290,1,291,0,Call,73600
1514,0,1515,1,Put,73600
8775,2,8776,2,Underlying,73600
287,1,288,2,Call,73700
1515,0,1516,0,Put,73700
8773,1,8774,0,Underlying,73700
314,1,315,0,Call,73800
1452,1,1453,2,Put,73800
8863,0,8864,2,Underlying,73800
295,1,296,2,Call,73900
1499,1,1500,1,Put,73900
8796,1,8797,0,Underlying,73900
302,0,303,1,Call,74000
1479,2,1480,0,Put,74000
8823,1,8824,2,Underlying,74000
327,1,328,1,Call,74100
1424,2,1425,0,Put,74100
8902,0,8903,2,Underlying,74100
329,0,330,0,Call,74200
1411,1,1412,1,Put,74200
8915,1,8916,1,Underlying,74200
300,1,301,0,Call,74300
1482,0,1483,2,Put,74300
8817,1,8818,1,Underlying,74300
318,0,319,0,Call,74400
1445,2,1446,2,Put,74400
8873,1,8874,2,Underlying,74400
315,0,316,0,Call,74500
1445,1,1446,1,Put,74500
8874,0,8875,1,Underlying,74500
333,0,334,1,Call,74600
1410,1,1411,0,Put,74600
8922,1,8923,0,Underlying,74600
329,1,330,2,Call,74700
1421,2,1422,0,Put,74700
8909,1,8910,0,Underlying,74700
342,1,343,2,Call,74800
1392,0,1393,1,Put,74800
8949,0,8950,1,Underlying,74800
338,0,339,1,Call,74900
1400,2,1401,0,Put,74900
8935,1,8936,2,Underlying,74900
320,1,321,1,Call,75000
1440,1,1441,1,Put,75000
8878,2,8879,1,Underlying,75000
345,2,346,1,Call,75100
1389,2,1390,1,Put,75100
8950,0,8951,2,Underlying,75100
316,2,317,2,Call,75200
1441,2,1442,0,Put,75200
8873,1,8874,0,Underlying,75200
304,1,305,2,Call,75300
1469,0,1470,2,Put,75300
8831,1,8832,0,Underlying,75300
295,2,296,0,Call,75400
1497,2,1498,1,Put,75400
8798,2,8799,2,Underlying,75400
323,2,324,2,Call,75500
1433,2,1434,2,Put,75500
8890,2,8891,2,Underlying,75500
312,2,313,1,Call,75600
1456,0,1457,2,Put,75600
8857,0,8858,1,Underlying,75600
321,2,322,1,Call,75700
1435,1,1436,1,Put,75700
8883,0,8884,0,Underlying,75700
326,2,327,0,Call,75800
1432,1,1433,0,Put,75800
8893,2,8894,2,Underlying,75800
320,1,321,0,Call,75900
1438,0,1439,0,Put,75900
8880,2,8881,0,Underlying,75900
298,1,299,1,Call,76000
1488,0,1489,2,Put,76000
8812,1,8813,1,Underlying,76000
289,2,290,2,Call,76100
1504,0,1505,0,Put,76100
8785,2,8786,0,Underlying,76100
312,1,313,0,Call,76200
1450,2,1451,1,Put,76200
8860,0,8861,1,Underlying,76200
314,1,315,2,Call,76300
1441,1,1442,0,Put,76300
8876,2,8877,1,Underlying,76300
320,1,321,0,Call,76400
1427,1,1428,2,Put,76400
8895,2,8896,2,Underlying,76400
323,1,324,2,Call,76500
1424,2,1425,2,Put,76500
8900,1,8901,0,Underlying,76500
318,2,319,2,Call,76600
1442,2,1443,2,Put,76600
8876,1,8877,1,Underlying,76600
281,0,282,1,Call,76700
1529,2,1530,0,Put,76700
8752,2,8753,0,Underlying,76700
279,2,280,1,Call,76800
1532,2,1533,2,Put,76800
8742,0,8743,2,Underlying,76800
288,0,289,2,Call,76900
1509,0,1510,1,Put,76900
8781,1,8782,0,Underlying,76900
286,1,287,1,Call,77000
1521,0,1522,2,Put,77000
8763,0,8764,0,Underlying,77000
300,2,301,1,Call,77100
1482,1,1483,2,Put,77100
8818,0,8819,2,Underlying,77100
296,2,297,1,Call,77200
1492,0,1493,2,Put,77200
8798,1,8799,1,Underlying,77200
283,0,284,0,Call,77300
1520,2,1521,1,Put,77300
8758,1,8759,1,Underlying,77300
298,1,299,2,Call,77400
1488,1,1489,0,Put,77400
8809,1,8810,2,Underlying,77400
318,2,319,1,Call,77500
1439,1,1440,0,Put,77500
8881,0,8882,2,Underlying,77500
324,0,325,1,Call,77600
1439,1,1440,0,Put,77600
8884,1,8885,2,Underlying,77600
351,0,352,0,Call,77700
1376,0,1377,2,Put,77700
8976,0,8977,2,Underlying,77700
339,1,340,2,Call,77800
1396,1,1397,2,Put,77800
8941,2,8942,2,Underlying,77800
347,1,348,0,Call,77900
1379,0,1380,0,Put,77900
8967,1,8968,0,Underlying,77900
343,1,344,0,Call,78000
1389,1,1390,2,Put,78000
8952,0,8953,1,Underlying,78000
380,0,381,2,Call,78100
1312,1,1313,0,Put,78100
9065,0,9066,2,Underlying,78100
383,1,384,1,Call,78200
1311,1,1312,2,Put,78200
9071,1,9072,2,Underlying,78200
404,2,405,1,Call,78300
1268,0,1269,1,Put,78300
9135,1,9136,0,Underlying,78300
423,0,424,0,Call,78400
1242,0,1243,1,Put,78400
9179,0,9180,0,Underlying,78400
403,1,404,0,Call,78500
1274,2,1275,2,Put,78500
9129,1,9130,2,Underlying,78500
423,0,424,1,Call,78600
1237,1,1238,0,Put,78600
9185,2,9186,0,Underlying,78600
453,1,454,2,Call,78700
1185,0,1186,0,Put,78700
9265,1,9266,1,Underlying,78700
443,0,444,2,Call,78800
1209,1,1210,1,Put,78800
9232,0,9233,0,Underlying,78800
426,0,427,1,Call,78900
1231,2,1232,1,Put,78900
9196,1,9197,0,Underlying,78900
432,0,433,0,Call,79000
1221,2,1222,1,Put,79000
9213,1,9214,2,Underlying,79000
458,1,459,2,Call,79100
1184,1,1185,0,Put,79100
9274,0,9275,0,Underlying,79100
440,1,441,0,Call,79200
1211,2,1212,1,Put,79200
9231,2,9232,2,Underlying,79200
412,1,413,0,Call,79300
1259,2,1260,0,Put,79300
9152,2,9153,1,Underlying,79300
358,0,359,2,Call,79400
1349,0,1350,1,Put,79400
9008,1,9009,1,Underlying,79400
364,2,365,0,Call,79500
1349,1,1350,0,Put,79500
9014,0,9015,0,Underlying,79500
354,1,355,1,Call,79600
1361,1,1362,2,Put,79600
8998,0,8999,2,Underlying,79600
376,2,377,1,Call,79700
1328,2,1329,1,Put,79700
9044,2,9045,2,Underlying,79700
363,0,364,1,Call,79800
1354,1,1355,2,Put,79800
9011,2,9012,0,Underlying,79800
357,0,358,1,Call,79900
1361,0,1362,1,Put,79900
8996,2,8997,2,Underlying,79900
357,0,358,1,Call,80000
1360,2,1361,2,Put,80000
8994,1,8995,1,Underlying,80000
381,0,382,0,Call,80100
1313,0,1314,2,Put,80100
9065,2,9066,1,Underlying,80100
383,0,384,2,Call,80200
1311,0,1312,0,Put,80200
9064,0,9065,1,Underlying,80200
396,1,397,1,Call,80300
1293,1,1294,2,Put,80300
9102,1,9103,0,Underlying,80300
379,2,380,2,Call,80400
1313,0,1314,1,Put,80400
9069,0,9070,2,Underlying,80400
395,2,396,1,Call,80500
1291,1,1292,0,Put,80500
9103,1,9104,2,Underlying,80500
373,2,374,1,Call,80600
1334,1,1335,0,Put,80600
9038,2,9039,1,Underlying,80600
397,1,398,0,Call,80700
1286,1,1287,1,Put,80700
9113,1,9114,2,Underlying,80700
373,0,374,0,Call,80800
1326,1,1327,2,Put,80800
9050,0,9051,2,Underlying,80800
323,1,324,0,Call,80900
1423,1,1424,2,Put,80900
8900,2,8901,1,Underlying,80900
352,1,353,0,Call,81000
1373,1,1374,0,Put,81000
8978,0,8979,0,Underlying,81000
334,2,335,1,Call,81100
1408,2,1409,1,Put,81100
8926,2,8927,2,Underlying,81100
331,0,332,0,Call,81200
1412,1,1413,2,Put,81200
8917,0,8918,0,Underlying,81200
325,0,326,0,Call,81300
1430,1,1431,2,Put,81300
8892,0,8893,2,Underlying,81300
301,2,302,1,Call,81400
1481,2,1482,2,Put,81400
8822,2,8823,1,Underlying,81400
296,0,297,0,Call,81500
1486,2,1487,2,Put,81500
8810,0,8811,1,Underlying,81500
277,1,278,0,Call,81600
1545,1,1546,1,Put,81600
8732,0,8733,2,Underlying,81600
270,1,271,0,Call,81700
1558,1,1559,2,Put,81700
8712,1,8713,0,Underlying,81700
259,1,260,2,Call,81800
1589,0,1590,0,Put,81800
8673,1,8674,2,Underlying,81800
241,1,242,0,Call,81900
1634,1,1635,1,Put,81900
8604,1,8605,1,Underlying,81900
230,2,231,2,Call,82000
1669,2,1670,0,Put,82000
8557,1,8558,2,Underlying,82000
236,0,237,0,Call,82100
1639,2,1640,2,Put,82100
8595,0,8596,0,Underlying,82100
262,0,263,0,Call,82200
1580,1,1581,1,Put,82200
8684,0,8685,2,Underlying,82200
260,1,261,2,Call,82300
1577,0,1578,1,Put,82300
8686,0,8687,2,Underlying,82300
269,0,270,1,Call,82400
1559,2,1560,2,Put,82400
8709,0,8710,1,Underlying,82400
278,1,279,2,Call,82500
1541,2,1542,0,Put,82500
8735,1,8736,2,Underlying,82500
287,2,288,0,Call,82600
1515,1,1516,2,Put,82600
8776,0,8777,2,Underlying,82600
259,2,260,2,Call,82700
1587,2,1588,1,Put,82700
8670,2,8671,1,Underlying,82700
252,0,253,2,Call,82800
1600,2,1601,0,Put,82800
8657,2,8658,1,Underlying,82800
245,0,246,2,Call,82900
1625,2,1626,0,Put,82900
8617,2,8618,0,Underlying,82900
242,2,243,2,Call,83000
1621,1,1622,2,Put,83000
8621,1,8622,0,Underlying,83000
237,0,238,1,Call,83100
1636,1,1637,0,Put,83100
8606,1,8607,1,Underlying,83100
227,0,228,0,Call,83200
1681,2,1682,2,Put,83200
8543,2,8544,2,Underlying,83200
207,0,208,2,Call,83300
1736,2,1737,2,Put,83300
8476,2,8477,2,Underlying,83300
233,0,234,0,Call,83400
1665,2,1666,2,Put,83400
8568,0,8569,0,Underlying,83400
235,2,236,2,Call,83500
1645,1,1646,1,Put,83500
8594,1,8595,2,Underlying,83500
233,1,234,0,Call,83600
1654,0,1655,0,Put,83600
8581,2,8582,2,Underlying,83600
241,2,242,2,Call,83700
1640,1,1641,0,Put,83700
8598,0,8599,0,Underlying,83700
253,2,254,1,Call,83800
1607,1,1608,1,Put,83800
8646,0,8647,2,Underlying,83800
264,1,265,0,Call,83900
1573,0,1574,2,Put,83900
8685,0,8686,2,Underlying,83900
247,2,248,0,Call,84000
1623,1,1624,2,Put,84000
8625,1,8626,0,Underlying,84000
250,1,251,2,Call,84100
1607,1,1608,1,Put,84100
8645,1,8646,0,Underlying,84100
266,2,267,0,Call,84200
1569,2,1570,1,Put,84200
8695,0,8696,0,Underlying,84200
281,0,282,0,Call,84300
1528,2,1529,2,Put,84300
8753,2,8754,2,Underlying,84300
302,0,303,1,Call,84400
1479,2,1480,1,Put,84400
8823,0,8824,1,Underlying,84400
296,0,297,2,Call,84500
1495,0,1496,0,Put,84500
8799,2,8800,2,Underlying,84500
292,2,293,1,Call,84600
1501,1,1502,1,Put,84600
8791,0,8792,2,Underlying,84600
294,2,295,0,Call,84700
1499,2,1500,0,Put,84700
8795,0,8796,0,Underlying,84700
272,0,273,1,Call,84800
1553,1,1554,2,Put,84800
8720,2,8721,0,Underlying,84800
257,0,258,1,Call,84900
1585,2,1586,0,Put,84900
8672,0,8673,2,Underlying,84900
256,2,257,1,Call,85000
1595,2,1596,0,Put,85000
8657,1,8658,1,Underlying,85000
243,2,244,1,Call,85100
1636,2,1637,1,Put,85100
8604,1,8605,1,Underlying,85100
239,0,240,1,Call,85200
1647,1,1648,0,Put,85200
8592,2,8593,0,Underlying,85200
231,0,232,2,Call,85300
1662,1,1663,2,Put,85300
8563,0,8564,2,Underlying,85300
218,1,219,2,Call,85400
1706,0,1707,1,Put,85400
8513,2,8514,2,Underlying,85400
208,0,209,1,Call,85500
1729,2,1730,2,Put,85500
8481,0,8482,2,Underlying,85500
200,0,201,2,Call,85600
1770,1,1771,0,Put,85600
8430,0,8431,0,Underlying,85600
195,1,196,0,Call,85700
1782,0,1783,0,Put,85700
8413,0,8414,1,Underlying,85700
196,1,197,2,Call,85800
1782,0,1783,0,Put,85800
8413,0,8414,0,Underlying,85800
186,0,187,2,Call,85900
1806,1,1807,0,Put,85900
8382,1,8383,0,Underlying,85900
170,2,171,2,Call,86000
1877,1,1878,0,Put,86000
8295,2,8296,0,Underlying,86000
163,2,164,1,Call,86100
1914,0,1915,0,Put,86100
8245,0,8246,1,Underlying,86100
172,1,173,1,Call,86200
1869,1,1870,2,Put,86200
8302,1,8303,0,Underlying,86200
171,0,172,0,Call,86300
1869,1,1870,1,Put,86300
8302,2,8303,2,Underlying,86300
157,1,158,2,Call,86400
1928,2,1929,2,Put,86400
8229,2,8230,1,Underlying,86400
161,1,162,1,Call,86500
1918,2,1919,0,Put,86500
8241,2,8242,0,Underlying,86500
160,1,161,0,Call,86600
1904,0,1905,1,Put,86600
8259,1,8260,2,Underlying,86600
173,1,174,1,Call,86700
1879,0,1880,2,Put,86700
8293,1,8294,0,Underlying,86700
163,2,164,2,Call,86800
1891,0,1892,1,Put,86800
8278,1,8279,1,Underlying,86800
162,0,163,2,Call,86900
1908,1,1909,0,Put,86900
8255,1,8256,1,Underlying,86900
163,2,164,2,Call,87000
1906,2,1907,1,Put,87000
8256,2,8257,0,Underlying,87000
156,1,157,2,Call,87100
1918,0,1919,0,Put,87100
8241,2,8242,2,Underlying,87100
170,2,171,1,Call,87200
1879,2,1880,0,Put,87200
8289,1,8290,1,Underlying,87200
175,0,176,0,Call,87300
1857,1,1858,1,Put,87300
8319,1,8320,0,Underlying,87300
170,1,171,1,Call,87400
1861,1,1862,2,Put,87400
8307,2,8308,2,Underlying,87400
173,2,174,0,Call,87500
1866,2,1867,0,Put,87500
8303,0,8304,1,Underlying,87500
188,2,189,0,Call,87600
1812,1,1813,0,Put,87600
8374,0,8375,2,Underlying,87600
184,1,185,0,Call,87700
1827,1,1828,2,Put,87700
8357,1,8358,2,Underlying,87700
193,2,194,2,Call,87800
1791,1,1792,2,Put,87800
8395,0,8396,2,Underlying,87800
194,0,195,2,Call,87900
1782,1,1783,0,Put,87900
8410,1,8411,0,Underlying,87900
191,1,192,2,Call,88000
1785,0,1786,1,Put,88000
8406,1,8407,1,Underlying,88000
202,1,203,0,Call,88100
1761,0,1762,2,Put,88100
8435,2,8436,0,Underlying,88100
224,1,225,0,Call,88200
1692,2,1693,1,Put,88200
8531,0,8532,1,Underlying,88200
216,1,217,0,Call,88300
1716,0,1717,2,Put,88300
8498,0,8499,2,Underlying,88300
241,1,242,0,Call,88400
1640,1,1641,2,Put,88400
8598,2,8599,0,Underlying,88400
240,1,241,2,Call,88500
1635,1,1636,0,Put,88500
8608,1,8609,0,Underlying,88500
252,0,253,2,Call,88600
1605,1,1606,0,Put,88600
8647,1,8648,0,Underlying,88600
222,0,223,1,Call,88700
1696,0,1697,0,Put,88700
8526,0,8527,1,Underlying,88700
210,1,211,2,Call,88800
1723,1,1724,1,Put,88800
8491,1,8492,2,Underlying,88800
225,2,226,0,Call,88900
1685,1,1686,1,Put,88900
8540,2,8541,1,Underlying,88900
213,0,214,1,Call,89000
1722,0,1723,0,Put,89000
8491,1,8492,2,Underlying,89000
208,1,209,1,Call,89100
1740,2,1741,0,Put,89100
8468,1,8469,1,Underlying,89100
197,0,198,1,Call,89200
1779,2,1780,1,Put,89200
8415,0,8416,1,Underlying,89200
188,1,189,2,Call,89300
1813,1,1814,2,Put,89300
8375,2,8376,2,Underlying,89300
181,1,182,1,Call,89400
1822,0,1823,1,Put,89400
8360,1,8361,1,Underlying,89400
186,0,187,0,Call,89500
1818,2,1819,2,Put,89500
8368,1,8369,1,Underlying,89500
181,0,182,0,Call,89600
1838,2,1839,0,Put,89600
8342,2,8343,0,Underlying,89600
190,0,191,0,Call,89700
1804,2,1805,2,Put,89700
8385,0,8386,1,Underlying,89700
189,1,190,1,Call,89800
1804,2,1805,1,Put,89800
8386,0,8387,1,Underlying,89800
179,1,180,1,Call,89900
1841,2,1842,2,Put,89900
8339,0,8340,1,Underlying,89900
181,0,182,1,Call,90000
1823,2,1824,0,Put,90000
8362,2,8363,0,Underlying,90000
172,2,173,1,Call,90100
1858,2,1859,2,Put,90100
8316,1,8317,2,Underlying,90100
172,0,173,2,Call,90200
1871,1,1872,2,Put,90200
8301,2,8302,0,Underlying,90200
169,1,170,2,Call,90300
1892,2,1893,0,Put,90300
8274,2,8275,0,Underlying,90300
182,2,183,0,Call,90400
1832,1,1833,0,Put,90400
8348,0,8349,0,Underlying,90400
192,0,193,1,Call,90500
1794,1,1795,2,Put,90500
8395,2,8396,2,Underlying,90500
205,1,206,2,Call,90600
1741,0,1742,1,Put,90600
8467,0,8468,1,Underlying,90600
201,1,202,0,Call,90700
1762,1,1763,2,Put,90700
8438,2,8439,2,Underlying,90700
214,0,215,0,Call,90800
1723,2,1724,2,Put,90800
8489,1,8490,0,Underlying,90800
216,2,217,1,Call,90900
1709,0,1710,2,Put,90900
8504,2,8505,1,Underlying,90900
210,2,211,2,Call,91000
1732,2,1733,0,Put,91000
8474,0,8475,1,Underlying,91000
212,1,213,0,Call,91100
1718,1,1719,1,Put,91100
8498,0,8499,0,Underlying,91100
223,1,224,2,Call,91200
1691,2,1692,2,Put,91200
8527,2,8528,0,Underlying,91200
224,0,225,2,Call,91300
1691,0,1692,2,Put,91300
8532,0,8533,1,Underlying,91300
230,0,231,0,Call,91400
1662,2,1663,0,Put,91400
8569,0,8570,0,Underlying,91400
251,1,252,2,Call,91500
1601,0,1602,1,Put,91500
8653,1,8654,1,Underlying,91500
228,1,229,0,Call,91600
1675,2,1676,2,Put,91600
8553,1,8554,0,Underlying,91600
249,1,250,0,Call,91700
1614,1,1615,2,Put,91700
8633,0,8634,0,Underlying,91700
248,0,249,2,Call,91800
1620,2,1621,2,Put,91800
8630,2,8631,0,Underlying,91800
259,2,260,2,Call,91900
1581,1,1582,2,Put,91900
8681,2,8682,1,Underlying,91900
282,2,283,1,Call,92000
1531,0,1532,0,Put,92000
8750,1,8751,0,Underlying,92000
279,1,280,0,Call,92100
1538,0,1539,1,Put,92100
8741,2,8742,2,Underlying,92100
270,1,271,2,Call,92200
1556,0,1557,0,Put,92200
8710,2,8711,0,Underlying,92200
257,1,258,2,Call,92300
1596,0,1597,1,Put,92300
8660,0,8661,2,Underlying,92300
259,2,260,0,Call,92400
1584,0,1585,2,Put,92400
8676,0,8677,1,Underlying,92400
285,0,286,1,Call,92500
1523,1,1524,1,Put,92500
8762,2,8763,2,Underlying,92500
273,0,274,1,Call,92600
1550,0,1551,1,Put,92600
8720,1,8721,2,Underlying,92600
297,0,298,2,Call,92700
1485,2,1486,0,Put,92700
8810,1,8811,1,Underlying,92700
293,0,294,1,Call,92800
1494,0,1495,1,Put,92800
8800,0,8801,1,Underlying,92800
323,1,324,1,Call,92900
1433,0,1434,2,Put,92900
8891,2,8892,1,Underlying,92900
323,2,324,0,Call,93000
1432,0,1433,1,Put,93000
8892,0,8893,2,Underlying,93000
317,2,318,2,Call,93100
1443,2,1444,1,Put,93100
8873,1,8874,0,Underlying,93100
304,1,305,0,Call,93200
1476,1,1477,0,Put,93200
8829,2,8830,2,Underlying,93200
301,1,302,2,Call,93300
1473,0,1474,1,Put,93300
8831,1,8832,0,Underlying,93300
315,0,316,2,Call,93400
1448,1,1449,2,Put,93400
8866,1,8867,2,Underlying,93400
325,1,326,2,Call,93500
1424,1,1425,2,Put,93500
8900,0,8901,2,Underlying,93500
349,0,350,2,Call,93600
1373,0,1374,2,Put,93600
8977,0,8978,0,Underlying,93600
352,1,353,1,Call,93700
1368,1,1369,0,Put,93700
8987,2,8988,2,Underlying,93700
349,1,350,1,Call,93800
1372,1,1373,0,Put,93800
8973,2,8974,0,Underlying,93800
393,2,394,2,Call,93900
1293,0,1294,0,Put,93900
9100,0,9101,0,Underlying,93900
411,0,412,1,Call,94000
1252,1,1253,0,Put,94000
9158,0,9159,1,Underlying,94000
418,1,419,1,Call,94100
1249,2,1250,0,Put,94100
9169,2,9170,2,Underlying,94100
414,2,415,1,Call,94200
1257,2,1258,2,Put,94200
9157,0,9158,2,Underlying,94200
429,2,430,0,Call,94300
1229,0,1230,0,Put,94300
9198,0,9199,0,Underlying,94300
394,2,395,2,Call,94400
1291,2,1292,2,Put,94400
9103,1,9104,0,Underlying,94400
375,0,376,1,Call,94500
1321,2,1322,0,Put,94500
9055,0,9056,1,Underlying,94500
393,1,394,2,Call,94600
1293,0,1294,2,Put,94600
9100,1,9101,0,Underlying,94600
403,1,404,0,Call,94700
1273,2,1274,2,Put,94700
9130,1,9131,1,Underlying,94700
410,0,411,0,Call,94800
1264,0,1265,0,Put,94800
9146,1,9147,1,Underlying,94800
358,0,359,0,Call,94900
1348,0,1349,2,Put,94900
9012,2,9013,2,Underlying,94900
352,1,353,0,Call,95000
1364,2,1365,2,Put,95000
8990,1,8991,1,Underlying,95000
366,1,367,1,Call,95100
1335,2,1336,1,Put,95100
9034,0,9035,0,Underlying,95100
354,0,355,2,Call,95200
1370,2,1371,1,Put,95200
8985,1,8986,2,Underlying,95200
327,2,328,1,Call,95300
1417,0,1418,0,Put,95300
8912,2,8913,0,Underlying,95300
331,0,332,1,Call,95400
1420,2,1421,2,Put,95400
8911,1,8912,2,Underlying,95400
310,1,311,0,Call,95500
1460,0,1461,0,Put,95500
8847,2,8848,0,Underlying,95500
313,0,314,1,Call,95600
1455,0,1456,1,Put,95600
8860,0,8861,0,Underlying,95600
293,1,294,1,Call,95700
1499,2,1500,2,Put,95700
8798,2,8799,2,Underlying,95700
279,1,280,2,Call,95800
1533,0,1534,2,Put,95800
8746,0,8747,0,Underlying,95800
280,1,281,2,Call,95900
1529,2,1530,1,Put,95900
8749,2,8750,0,Underlying,95900
252,2,253,1,Call,96000
1601,1,1602,2,Put,96000
8656,0,8657,1,Underlying,96000
262,2,263,0,Call,96100
1580,2,1581,2,Put,96100
8681,2,8682,2,Underlying,96100
226,0,227,1,Call,96200
1680,0,1681,2,Put,96200
8545,2,8546,1,Underlying,96200
236,0,237,0,Call,96300
1657,2,1658,2,Put,96300
8577,0,8578,0,Underlying,96300
237,2,238,2,Call,96400
1647,2,1648,2,Put,96400
8589,1,8590,0,Underlying,96400
246,0,247,1,Call,96500
1613,2,1614,1,Put,96500
8637,0,8638,2,Underlying,96500
261,2,262,0,Call,96600
1584,0,1585,1,Put,96600
8675,2,8676,0,Underlying,96600
254,0,255,0,Call,96700
1603,2,1604,1,Put,96700
8651,2,8652,1,Underlying,96700
224,1,225,1,Call,96800
1691,1,1692,2,Put,96800
8531,2,8532,1,Underlying,96800
229,2,230,1,Call,96900
1679,2,1680,2,Put,96900
8548,0,8549,2,Underlying,96900
231,1,232,2,Call,97000
1656,2,1657,1,Put,97000
8576,1,8577,1,Underlying,97000
228,1,229,2,Call,97100
1666,0,1667,1,Put,97100
8564,1,8565,0,Underlying,97100
257,2,258,2,Call,97200
1593,2,1594,0,Put,97200
8663,2,8664,2,Underlying,97200
254,0,255,0,Call,97300
1604,0,1605,2,Put,97300
8649,1,8650,1,Underlying,97300
264,0,265,0,Call,97400
1574,2,1575,1,Put,97400
8689,2,8690,2,Underlying,97400
259,2,260,2,Call,97500
1578,1,1579,2,Put,97500
8680,1,8681,0,Underlying,97500
242,1,243,0,Call,97600
1636,2,1637,0,Put,97600
8604,1,8605,2,Underlying,97600
242,0,243,2,Call,97700
1626,2,1627,0,Put,97700
8619,1,8620,2,Underlying,97700
264,2,265,2,Call,97800
1573,2,1574,2,Put,97800
8693,1,8694,2,Underlying,97800
274,2,275,0,Call,97900
1551,1,1552,1,Put,97900
8723,0,8724,0,Underlying,97900
254,0,255,0,Call,98000
1595,0,1596,1,Put,98000
8662,2,8663,2,Underlying,98000
258,1,259,0,Call,98100
1595,2,1596,1,Put,98100
8661,1,8662,0,Underlying,98100
289,1,290,0,Call,98200
1510,1,1511,0,Put,98200
8777,2,8778,2,Underlying,98200
306,0,307,2,Call,98300
1471,1,1472,1,Put,98300
8835,2,8836,0,Underlying,98300
312,1,313,0,Call,98400
1456,2,1457,0,Put,98400
8859,0,8860,0,Underlying,98400
330,1,331,2,Call,98500
1419,0,1420,1,Put,98500
8911,2,8912,0,Underlying,98500
311,0,312,1,Call,98600
1461,0,1462,1,Put,98600
8851,0,8852,0,Underlying,98600
317,2,318,1,Call,98700
1448,1,1449,0,Put,98700
8868,2,8869,0,Underlying,98700
318,0,319,2,Call,98800
1442,2,1443,1,Put,98800
8875,0,8876,0,Underlying,98800
322,2,323,2,Call,98900
1438,0,1439,2,Put,98900
8884,2,8885,0,Underlying,98900
301,0,302,0,Call,99000
1479,0,1480,2,Put,99000
8825,1,8826,1,Underlying,99000
315,2,316,1,Call,99100
1443,0,1444,0,Put,99100
8870,1,8871,0,Underlying,99100
301,0,302,1,Call,99200
1479,0,1480,2,Put,99200
8819,2,8820,0,Underlying,99200
294,0,295,2,Call,99300
1499,0,1500,2,Put,99300
8795,2,8796,1,Underlying,99300
272,1,273,0,Call,99400
1558,0,1559,2,Put,99400
8712,2,8713,0,Underlying,99400
272,2,273,1,Call,99500
1555,2,1556,0,Put,99500
8718,0,8719,0,Underlying,99500
292,1,293,0,Call,99600
1502,0,1503,0,Put,99600
8790,2,8791,2,Underlying,99600
292,0,293,0,Call,99700
1505,0,1506,1,Put,99700
8783,1,8784,0,Underlying,99700
306,2,307,0,Call,99800
1464,1,1465,1,Put,99800
8845,2,8846,0,Underlying,99800
301,2,302,1,Call,99900
1468,2,1469,0,Put,99900
8833,0,8834,0,Underlying,99900
